spec,dep,terme,h,coef,se,nobs,pays,ic90_bas,ic90_haut,ic68_bas,ic68_haut,variable
Baseline (hybride),cpi_food_main,choc,0,-0.00470887041693365,0.0281037303617052,2266,8,-0.0509353932332506,0.0415176523993834,-0.0328126007786389,0.0233948599447716,Inflation alimentaire
Baseline (hybride),cpi_food_main,choc,1,0.0166146919330077,0.0414819301964839,2258,8,-0.0516170114036266,0.084846395269642,-0.0248672382634762,0.0580966221294916,Inflation alimentaire
Baseline (hybride),cpi_food_main,choc,2,0.0473661105196478,0.0480576055534539,2250,8,-0.031681616277554,0.12641383731685,-0.000691495033806097,0.0954237160731016,Inflation alimentaire
Baseline (hybride),cpi_food_main,choc,3,0.077082627277714,0.0519579693556894,2242,8,-0.00838062706602501,0.162545881621453,0.0251246579220247,0.129040596633403,Inflation alimentaire
Baseline (hybride),cpi_food_main,choc,4,0.118099299095349,0.0539945640312589,2234,8,0.0292861446128692,0.206912453577829,0.06410473506409,0.172093863126608,Inflation alimentaire
Baseline (hybride),cpi_food_main,choc,5,0.187070531834083,0.0660881703296269,2226,8,0.0783651651688094,0.295775898499356,0.120982361504456,0.25315870216371,Inflation alimentaire
Baseline (hybride),cpi_food_main,choc,6,0.165234977588361,0.0728145272876341,2218,8,0.0454657382845387,0.285004216892182,0.0924204503007264,0.238049504875995,Inflation alimentaire
Baseline (hybride),cpi_food_main,choc,7,0.242792644340251,0.0838023485263448,2210,8,0.104950047419641,0.38063524126086,0.158990295813906,0.326594992866595,Inflation alimentaire
Baseline (hybride),cpi_food_main,choc,8,0.274539785468896,0.0912708245395677,2202,8,0.124412638690136,0.424666932247655,0.183268960929328,0.365810610008463,Inflation alimentaire
Baseline (hybride),cpi_food_main,choc,9,0.250916432219412,0.0944837903385756,2194,8,0.0955044269928831,0.40632843744594,0.156432641880836,0.345400222557987,Inflation alimentaire
Baseline (hybride),cpi_food_main,choc,10,0.232466572474744,0.0969195428771579,2186,8,0.0730481108507718,0.391885034098715,0.135547029597586,0.329386115351901,Inflation alimentaire
Baseline (hybride),cpi_food_main,choc,11,0.263366892020259,0.101753552035703,2178,8,0.0959971928991374,0.43073659114138,0.161613339984556,0.365120444055962,Inflation alimentaire
Baseline (hybride),cpi_food_main,choc,12,0.3493390633391,0.111935718115187,2170,8,0.165221191411917,0.533456935266284,0.237403345223913,0.461274781454288,Inflation alimentaire
Baseline (hybride),cpi_food_main,choc,13,0.404166467822144,0.118245214109368,2162,8,0.209670398524697,0.598662537119591,0.285921253712776,0.522411681931511,Inflation alimentaire
Baseline (hybride),cpi_food_main,choc,14,0.424276929876275,0.126838497344404,2154,8,0.215646167482258,0.632907692270292,0.297438432531872,0.551115427220679,Inflation alimentaire
Baseline (hybride),cpi_food_main,choc,15,0.486560671616499,0.132822408333745,2146,8,0.268087251528309,0.705034091704689,0.353738263282754,0.619383079950244,Inflation alimentaire
Baseline (hybride),cpi_food_main,choc,16,0.54003319204268,0.125042577234605,2138,8,0.334356455354981,0.745709928730379,0.414990614808075,0.665075769277285,Inflation alimentaire
Baseline (hybride),cpi_food_main,choc,17,0.533474253690865,0.131926575596228,2130,8,0.316474347330121,0.750474160051609,0.401547678094636,0.665400829287093,Inflation alimentaire
Baseline (hybride),cpi_food_main,choc,18,0.529029161003511,0.135996414148229,2122,8,0.305334965939403,0.75272335606762,0.393032746855282,0.66502557515174,Inflation alimentaire
Baseline (hybride),cpi_food_main,choc,19,0.560253403063079,0.142132055020659,2114,8,0.326466976856283,0.794039829269875,0.418121348042421,0.702385458083738,Inflation alimentaire
Baseline (hybride),cpi_food_main,choc,20,0.575897263095522,0.139689702826719,2106,8,0.34612814875322,0.805666377437823,0.436207560268803,0.71558696592224,Inflation alimentaire
Baseline (hybride),cpi_food_main,choc,21,0.58842718499134,0.144817403110974,2098,8,0.35022375423856,0.826630615744119,0.443609781880365,0.733244588102314,Inflation alimentaire
Baseline (hybride),cpi_food_main,choc,22,0.542748889196566,0.144291234441007,2090,8,0.305410928888971,0.780086849504162,0.398457654755559,0.687040123637573,Inflation alimentaire
Baseline (hybride),cpi_food_main,choc,23,0.575331426132486,0.145236962883557,2082,8,0.33643788096605,0.814224971298922,0.430094463248929,0.720568389016044,Inflation alimentaire
Baseline (hybride),cpi_food_main,choc,24,0.618183240059808,0.130245557372372,2074,8,0.403948362621547,0.83241811749807,0.487937682687437,0.74842879743218,Inflation alimentaire
EDEN pur,cpi_food,choc,0,-0.00781946423673401,0.0279506500166628,2266,8,-0.0537941922922931,0.0381552638188251,-0.0357701142533968,0.0201311857799288,Inflation alimentaire
EDEN pur,cpi_food,choc,1,0.0144659640508502,0.0415794092465376,2258,8,-0.0539260780548168,0.0828580061565171,-0.0271134451956874,0.0560453732973878,Inflation alimentaire
EDEN pur,cpi_food,choc,2,0.0437032970850243,0.0478316919869175,2250,8,-0.0349728349628825,0.122379429132931,-0.00412839490189311,0.0915349890719418,Inflation alimentaire
EDEN pur,cpi_food,choc,3,0.073598609532683,0.0514628933270349,2242,8,-0.0110503172097071,0.158247536275073,0.0221357162056481,0.125061502859718,Inflation alimentaire
EDEN pur,cpi_food,choc,4,0.121548745504492,0.053771478670513,2234,8,0.0331025337867555,0.209994957222229,0.0677772668339795,0.175320224175005,Inflation alimentaire
EDEN pur,cpi_food,choc,5,0.189815779729407,0.0663237442078741,2226,8,0.0807229285160832,0.29890863094273,0.123492035521532,0.256139523937281,Inflation alimentaire
EDEN pur,cpi_food,choc,6,0.166765572030184,0.0727325987254532,2218,8,0.0471310932190159,0.286400050841351,0.0940329733047304,0.239498170755637,Inflation alimentaire
EDEN pur,cpi_food,choc,7,0.248854472977934,0.084990323204911,2210,8,0.109057831598559,0.38865111435731,0.163864149773023,0.333844796182845,Inflation alimentaire
EDEN pur,cpi_food,choc,8,0.280375481115861,0.0928536793814087,2202,8,0.127644769809562,0.43310619242216,0.187521801734453,0.37322916049727,Inflation alimentaire
EDEN pur,cpi_food,choc,9,0.254253510135538,0.0959482507160269,2194,8,0.0964326819456319,0.412074338325444,0.158305259419511,0.350201760851565,Inflation alimentaire
EDEN pur,cpi_food,choc,10,0.230450493537075,0.0969504529704138,2186,8,0.070981189334102,0.389919797740049,0.133500040566661,0.327400946507489,Inflation alimentaire
EDEN pur,cpi_food,choc,11,0.257984280200415,0.100205520191923,2178,8,0.0931608668721709,0.422807693528659,0.157778760008492,0.358189800392339,Inflation alimentaire
EDEN pur,cpi_food,choc,12,0.342227344580479,0.110487673095158,2170,8,0.16049129475648,0.523963394404479,0.231739671485321,0.452715017675638,Inflation alimentaire
EDEN pur,cpi_food,choc,13,0.396298954822038,0.117203113341983,2162,8,0.203516988751472,0.589080920892603,0.279095841480055,0.513502068164021,Inflation alimentaire
EDEN pur,cpi_food,choc,14,0.418870750982062,0.126736322180358,2154,8,0.21040805177721,0.627333450186914,0.292134428801705,0.54560707316242,Inflation alimentaire
EDEN pur,cpi_food,choc,15,0.486781437133265,0.133993836754192,2146,8,0.266381188758988,0.707181685507542,0.352787600379072,0.620775273887457,Inflation alimentaire
EDEN pur,cpi_food,choc,16,0.538709651454531,0.125340990213912,2138,8,0.332542069095489,0.744877233813574,0.413368661240619,0.664050641668443,Inflation alimentaire
EDEN pur,cpi_food,choc,17,0.530040320921757,0.13100624639768,2130,8,0.314554221381235,0.745526420462279,0.399034074524077,0.661046567319437,Inflation alimentaire
EDEN pur,cpi_food,choc,18,0.527903161583682,0.135596448095442,2122,8,0.304866852132156,0.750939471035207,0.392306713488239,0.663499609679124,Inflation alimentaire
EDEN pur,cpi_food,choc,19,0.556347906493522,0.140981435032975,2114,8,0.324454081746709,0.788241731240335,0.415366471460547,0.697329341526498,Inflation alimentaire
EDEN pur,cpi_food,choc,20,0.569100398292116,0.137520077957842,2106,8,0.34289999928451,0.795300797299722,0.431580320334274,0.706620476249958,Inflation alimentaire
EDEN pur,cpi_food,choc,21,0.585213627574062,0.144374886861842,2098,8,0.347738071278652,0.822689183869472,0.44083874071222,0.729588514435904,Inflation alimentaire
EDEN pur,cpi_food,choc,22,0.536007288087868,0.143972984721943,2090,8,0.299192801984951,0.772821774190784,0.392034303365925,0.67998027280981,Inflation alimentaire
EDEN pur,cpi_food,choc,23,0.569389796549238,0.145903577417159,2082,8,0.32939976804943,0.809379825049047,0.42348621913208,0.715293373966397,Inflation alimentaire
EDEN pur,cpi_food,choc,24,0.608567969959825,0.130963726489361,2074,8,0.393151809444719,0.823984130474931,0.477604243470464,0.739531696449186,Inflation alimentaire
FAOSTAT pur,cpi_food_alt,choc,0,0.0107702410394993,0.0287953191847177,2266,8,-0.0365938441607089,0.0581343262397075,-0.0180250781452184,0.039565560224217,Inflation alimentaire
FAOSTAT pur,cpi_food_alt,choc,1,0.0439319567968312,0.0406467686678778,2258,8,-0.0229260280703851,0.110789941664047,0.00328518812895338,0.084578725464709,Inflation alimentaire
FAOSTAT pur,cpi_food_alt,choc,2,0.0668773631940128,0.0451425799434978,2250,8,-0.00737557315599638,0.141130299544022,0.0217347832505149,0.112019943137511,Inflation alimentaire
FAOSTAT pur,cpi_food_alt,choc,3,0.0940562169293458,0.0495396155809237,2242,8,0.0125708005632818,0.17554163329541,0.0445166013484221,0.14359583251027,Inflation alimentaire
FAOSTAT pur,cpi_food_alt,choc,4,0.141212755383607,0.0540666810505428,2234,8,0.0522809789603935,0.230144531806821,0.0871460743330644,0.19527943643415,Inflation alimentaire
FAOSTAT pur,cpi_food_alt,choc,5,0.202861951247933,0.0678132823729189,2226,8,0.0913190277813529,0.314404874714513,0.135048668875014,0.270675233620852,Inflation alimentaire
FAOSTAT pur,cpi_food_alt,choc,6,0.199134055352693,0.0793472053046189,2218,8,0.068619516918928,0.329648593786459,0.119786850048075,0.278481260657312,Inflation alimentaire
FAOSTAT pur,cpi_food_alt,choc,7,0.252492695006028,0.0890030838906382,2210,8,0.106095649658645,0.39888974035341,0.163489611115389,0.341495778896666,Inflation alimentaire
FAOSTAT pur,cpi_food_alt,choc,8,0.273739331013627,0.0942785772471791,2202,8,0.11866487128478,0.428813790742474,0.179460753766448,0.368017908260806,Inflation alimentaire
FAOSTAT pur,cpi_food_alt,choc,9,0.263767479394469,0.0959306830353142,2194,8,0.1059755474679,0.421559411321037,0.167836796359154,0.359698162429783,Inflation alimentaire
FAOSTAT pur,cpi_food_alt,choc,10,0.261555497614621,0.106706509503195,2186,8,0.0860389084389591,0.437072086790284,0.154848988111426,0.368262007117816,Inflation alimentaire
FAOSTAT pur,cpi_food_alt,choc,11,0.295350716142104,0.113139647086591,2178,8,0.109252557279715,0.481448875004493,0.182211069055513,0.408490363228695,Inflation alimentaire
FAOSTAT pur,cpi_food_alt,choc,12,0.365837068932005,0.124288764595333,2170,8,0.161400243698053,0.570273894165956,0.241548304336671,0.490125833527338,Inflation alimentaire
FAOSTAT pur,cpi_food_alt,choc,13,0.413191494557048,0.12672658379342,2162,8,0.204744813573271,0.621638175540826,0.286464910763628,0.539918078350469,Inflation alimentaire
FAOSTAT pur,cpi_food_alt,choc,14,0.449207156162292,0.133555125951748,2154,8,0.229528522842598,0.668885789481986,0.315652030210544,0.582762282114041,Inflation alimentaire
FAOSTAT pur,cpi_food_alt,choc,15,0.498722562179025,0.13651766164399,2146,8,0.274170991280973,0.723274133077076,0.362204900535034,0.635240223823015,Inflation alimentaire
FAOSTAT pur,cpi_food_alt,choc,16,0.540158827489349,0.127294948431637,2138,8,0.330777269868971,0.749540385109728,0.412863879057713,0.667453775920986,Inflation alimentaire
FAOSTAT pur,cpi_food_alt,choc,17,0.540410756630357,0.132467112854735,2130,8,0.322521745599457,0.758299767661257,0.407943643775623,0.672877869485092,Inflation alimentaire
FAOSTAT pur,cpi_food_alt,choc,18,0.5348162601913,0.142903851049345,2122,8,0.299760342487452,0.769872177895148,0.391912409141955,0.677720111240645,Inflation alimentaire
FAOSTAT pur,cpi_food_alt,choc,19,0.571814899430858,0.148963825836829,2114,8,0.326791210218583,0.816838588643133,0.422851073594029,0.720778725267687,Inflation alimentaire
FAOSTAT pur,cpi_food_alt,choc,20,0.587342887980419,0.149895682844567,2106,8,0.340786430389166,0.833899345571673,0.437447205135852,0.737238570824986,Inflation alimentaire
FAOSTAT pur,cpi_food_alt,choc,21,0.599258466832838,0.151625500557618,2098,8,0.349856712302308,0.848660221363368,0.447632966275221,0.750883967390456,Inflation alimentaire
FAOSTAT pur,cpi_food_alt,choc,22,0.560914825917076,0.147081248164335,2090,8,0.31898770141742,0.802841950416731,0.413833577752741,0.707996074081411,Inflation alimentaire
FAOSTAT pur,cpi_food_alt,choc,23,0.595869554106103,0.145389263802433,2082,8,0.356725496220868,0.835013611991339,0.450480290303671,0.741258817908536,Inflation alimentaire
FAOSTAT pur,cpi_food_alt,choc,24,0.623350142565512,0.129977804218999,2074,8,0.409555679872702,0.837144605258321,0.493372338346512,0.753327946784511,Inflation alimentaire
"Janv. 2008 neutralisé (MLI, NER)",cpi_food_main,choc,0,-0.00721267465163289,0.0277215853831838,2240,8,-0.0528106249140076,0.0383852756107418,-0.0349342600348167,0.0205089107315509,Inflation alimentaire
"Janv. 2008 neutralisé (MLI, NER)",cpi_food_main,choc,1,0.00634549352999927,0.0405812677012045,2230,8,-0.0604047518346155,0.073095738894614,-0.0342357741712052,0.0469267612312037,Inflation alimentaire
"Janv. 2008 neutralisé (MLI, NER)",cpi_food_main,choc,2,0.0424208203309478,0.0477321389929484,2220,8,-0.0360915616137551,0.120933202275651,-0.00531131866200057,0.0901529593238962,Inflation alimentaire
"Janv. 2008 neutralisé (MLI, NER)",cpi_food_main,choc,3,0.0770454578756742,0.0525769458245515,2210,8,-0.00943592215787042,0.163526837909219,0.0244685120511227,0.129622403700226,Inflation alimentaire
"Janv. 2008 neutralisé (MLI, NER)",cpi_food_main,choc,4,0.11724682163314,0.0546405587435428,2200,8,0.0273711004051684,0.207122542861111,0.0626062628895969,0.171887380376683,Inflation alimentaire
"Janv. 2008 neutralisé (MLI, NER)",cpi_food_main,choc,5,0.178847580317786,0.0661880412536761,2190,8,0.069977940600863,0.287717220034708,0.11265953906411,0.245035621571462,Inflation alimentaire
"Janv. 2008 neutralisé (MLI, NER)",cpi_food_main,choc,6,0.147213195122265,0.0697209818894027,2180,8,0.0325323851868634,0.261894005057667,0.0774922132328626,0.216934177011668,Inflation alimentaire
"Janv. 2008 neutralisé (MLI, NER)",cpi_food_main,choc,7,0.216690782138034,0.076943800360243,2170,8,0.0901294930440587,0.34325207123201,0.139746981777791,0.293634582498277,Inflation alimentaire
"Janv. 2008 neutralisé (MLI, NER)",cpi_food_main,choc,8,0.251358446002704,0.0873926298386231,2160,8,0.107610361843817,0.39510653016159,0.163965816164081,0.338751075841327,Inflation alimentaire
"Janv. 2008 neutralisé (MLI, NER)",cpi_food_main,choc,9,0.230426359829759,0.0919906852293581,2150,8,0.0791151475844978,0.38173757207502,0.138435674600401,0.322417045059117,Inflation alimentaire
"Janv. 2008 neutralisé (MLI, NER)",cpi_food_main,choc,10,0.22012044370833,0.0963698656142899,2140,8,0.0616061207238398,0.378634766692821,0.123750578094041,0.31649030932262,Inflation alimentaire
"Janv. 2008 neutralisé (MLI, NER)",cpi_food_main,choc,11,0.254330310323915,0.101091605664486,2130,8,0.0880494160923363,0.420611204555493,0.153238704659428,0.355421915988401,Inflation alimentaire
"Janv. 2008 neutralisé (MLI, NER)",cpi_food_main,choc,12,0.338602759792566,0.110034803582574,2120,8,0.157611614028875,0.519593905556256,0.228567956209991,0.44863756337514,Inflation alimentaire
"Janv. 2008 neutralisé (MLI, NER)",cpi_food_main,choc,13,0.396955845269179,0.115448257869851,2110,8,0.207060359586725,0.586851330951633,0.281507587399327,0.51240410313903,Inflation alimentaire
"Janv. 2008 neutralisé (MLI, NER)",cpi_food_main,choc,14,0.41156853948738,0.124497389613222,2100,8,0.206788556636081,0.616348522338679,0.287071149874158,0.536065929100602,Inflation alimentaire
"Janv. 2008 neutralisé (MLI, NER)",cpi_food_main,choc,15,0.475014706457888,0.130996104554326,2090,8,0.25954528876519,0.690484124150586,0.344018601903562,0.606010811012214,Inflation alimentaire
"Janv. 2008 neutralisé (MLI, NER)",cpi_food_main,choc,16,0.530167580848027,0.123814454566386,2080,8,0.326510926185489,0.733824235510565,0.406353126281641,0.653982035414413,Inflation alimentaire
"Janv. 2008 neutralisé (MLI, NER)",cpi_food_main,choc,17,0.517127733610595,0.130713169527083,2070,8,0.30212370262365,0.73213176459754,0.386414564083512,0.647840903137678,Inflation alimentaire
"Janv. 2008 neutralisé (MLI, NER)",cpi_food_main,choc,18,0.506475388022627,0.132581716499737,2060,8,0.288397870770582,0.724552905274672,0.37389367152289,0.639057104522365,Inflation alimentaire
"Janv. 2008 neutralisé (MLI, NER)",cpi_food_main,choc,19,0.538419487480871,0.138189456858461,2050,8,0.311118058160779,0.765720916800964,0.400230030622411,0.676608944339332,Inflation alimentaire
"Janv. 2008 neutralisé (MLI, NER)",cpi_food_main,choc,20,0.555741996100485,0.132489261920595,2040,8,0.337816553098272,0.773667439102698,0.423252734179891,0.68823125802108,Inflation alimentaire
"Janv. 2008 neutralisé (MLI, NER)",cpi_food_main,choc,21,0.56960529981499,0.136168458770102,2030,8,0.345628116530595,0.793582483099385,0.433436841044888,0.705773758585093,Inflation alimentaire
"Janv. 2008 neutralisé (MLI, NER)",cpi_food_main,choc,22,0.539800211263777,0.138773546196956,2020,8,0.311538040476797,0.768062382050757,0.401026665066822,0.678573757460733,Inflation alimentaire
"Janv. 2008 neutralisé (MLI, NER)",cpi_food_main,choc,23,0.561503269417752,0.141071857769585,2010,8,0.329460712504669,0.793545826330836,0.420431411648167,0.702575127187337,Inflation alimentaire
"Janv. 2008 neutralisé (MLI, NER)",cpi_food_main,choc,24,0.605354619272454,0.126979996597359,2000,8,0.396491111319002,0.814218127225906,0.478374622675095,0.732334615869814,Inflation alimentaire
Sans Mali ni Niger,cpi_food_main,choc,0,-0.021787789143936,0.0320466991332471,1692,6,-0.07449991844508,0.0309243401572081,-0.053834488277183,0.0102589099893111,Inflation alimentaire
Sans Mali ni Niger,cpi_food_main,choc,1,-0.0074512948232454,0.0446128160513013,1686,6,-0.0808328471137472,0.0659302574672564,-0.0520641108745467,0.0371615212280559,Inflation alimentaire
Sans Mali ni Niger,cpi_food_main,choc,2,0.032166472903707,0.0502701477452349,1680,6,-0.050520561942429,0.114853507749843,-0.0181036748415279,0.0824366206489419,Inflation alimentaire
Sans Mali ni Niger,cpi_food_main,choc,3,0.0887595808047831,0.0542359618169504,1674,6,-0.000450637701029266,0.177969799310596,0.0345236189878327,0.142995542621734,Inflation alimentaire
Sans Mali ni Niger,cpi_food_main,choc,4,0.141318515567425,0.0555485072040143,1668,6,0.0499493520211617,0.232687679113687,0.0857700083634102,0.196867022771439,Inflation alimentaire
Sans Mali ni Niger,cpi_food_main,choc,5,0.218841091523509,0.0648636477431599,1662,6,0.11214988527587,0.325532297771148,0.153977443780349,0.283704739266669,Inflation alimentaire
Sans Mali ni Niger,cpi_food_main,choc,6,0.172340225258372,0.0669317475265617,1656,6,0.062247297581107,0.282433152935637,0.10540847773181,0.239271972784934,Inflation alimentaire
Sans Mali ni Niger,cpi_food_main,choc,7,0.267299458245081,0.0741503424843266,1650,6,0.145332998470043,0.38926591802012,0.193149115760755,0.341449800729408,Inflation alimentaire
Sans Mali ni Niger,cpi_food_main,choc,8,0.312292380036842,0.0841826378503998,1644,6,0.17382426284227,0.450760497231414,0.228109742186442,0.396475017887242,Inflation alimentaire
Sans Mali ni Niger,cpi_food_main,choc,9,0.293486237236725,0.0864806703330553,1638,6,0.151238192978205,0.435734281495246,0.20700556690367,0.379966907569781,Inflation alimentaire
Sans Mali ni Niger,cpi_food_main,choc,10,0.286810100723939,0.0878548174979129,1632,6,0.142301785517338,0.431318415930541,0.198955283226026,0.374664918221852,Inflation alimentaire
Sans Mali ni Niger,cpi_food_main,choc,11,0.326854787544504,0.0910839519733671,1626,6,0.177035018784038,0.476674556304971,0.235770835571137,0.417938739517871,Inflation alimentaire
Sans Mali ni Niger,cpi_food_main,choc,12,0.377991408778915,0.103026384360875,1620,6,0.208528086791233,0.547454730766597,0.274965024418039,0.48101779313979,Inflation alimentaire
Sans Mali ni Niger,cpi_food_main,choc,13,0.436946971570979,0.113414046546903,1614,6,0.250397465761062,0.623496477380896,0.323532925024076,0.550361018117883,Inflation alimentaire
Sans Mali ni Niger,cpi_food_main,choc,14,0.469286745234328,0.124668732828693,1608,6,0.264224927873608,0.674348562595047,0.344618012405635,0.59395547806302,Inflation alimentaire
Sans Mali ni Niger,cpi_food_main,choc,15,0.5308784315447,0.12941206992274,1602,6,0.318014518960984,0.743742344128416,0.40146636162196,0.66029050146744,Inflation alimentaire
Sans Mali ni Niger,cpi_food_main,choc,16,0.572944704313886,0.122891503049899,1596,6,0.370806169800742,0.77508323882703,0.450053201263987,0.695836207363785,Inflation alimentaire
Sans Mali ni Niger,cpi_food_main,choc,17,0.545755477438786,0.129675889716431,1590,6,0.332457619910555,0.759053334967017,0.416079587722355,0.675431367155217,Inflation alimentaire
Sans Mali ni Niger,cpi_food_main,choc,18,0.527831726547377,0.131397773888145,1584,6,0.311701621594112,0.743961831500641,0.396433952659232,0.659229500435522,Inflation alimentaire
Sans Mali ni Niger,cpi_food_main,choc,19,0.555504065809934,0.137694435740194,1578,6,0.32901687377164,0.781991257848229,0.41780963006974,0.693198501550129,Inflation alimentaire
Sans Mali ni Niger,cpi_food_main,choc,20,0.567558830275697,0.131649380278867,1572,6,0.351014869638088,0.784102790913306,0.43590944999683,0.699208210554565,Inflation alimentaire
Sans Mali ni Niger,cpi_food_main,choc,21,0.580398007899671,0.137453583888038,1566,6,0.354306981903953,0.806489033895389,0.442944424011633,0.717851591787709,Inflation alimentaire
Sans Mali ni Niger,cpi_food_main,choc,22,0.541545799310061,0.138707354629093,1560,6,0.313392503963554,0.769699094656568,0.402838444680969,0.680253153939154,Inflation alimentaire
Sans Mali ni Niger,cpi_food_main,choc,23,0.569469395742009,0.135826440698748,1554,6,0.346054782122765,0.792884009361253,0.433642955043262,0.705295836440757,Inflation alimentaire
Sans Mali ni Niger,cpi_food_main,choc,24,0.607446463149068,0.119351450403919,1548,6,0.411130797070264,0.803762129227873,0.48809501274515,0.726797913552987,Inflation alimentaire
Baseline (hybride),cpi_all_main,choc,0,-0.00862616068238615,0.014013111466925,2266,8,-0.031675677903633,0.0144233565388607,-0.0226392721493112,0.00538695078453885,Inflation totale
Baseline (hybride),cpi_all_main,choc,1,-0.0101072120962542,0.0187044216371824,2258,8,-0.0408732478662032,0.0206588236736948,-0.0288116337334366,0.00859720954092819,Inflation totale
Baseline (hybride),cpi_all_main,choc,2,0.00262878691871857,0.0226939679618336,2250,8,-0.034699468593224,0.0399570424306611,-0.0200651810431151,0.0253227548805522,Inflation totale
Baseline (hybride),cpi_all_main,choc,3,0.0157572643158328,0.0249233848547078,2242,8,-0.0252380556583407,0.0567525842900062,-0.00916612053887498,0.0406806491705405,Inflation totale
Baseline (hybride),cpi_all_main,choc,4,0.0485632124357638,0.0271945366628375,2234,8,0.0038321801726308,0.0932942446988969,0.0213686757729263,0.0757577490986013,Inflation totale
Baseline (hybride),cpi_all_main,choc,5,0.0854740543175555,0.0317695629583309,2226,8,0.0332177734588818,0.137730335176229,0.0537044913592246,0.117243617275886,Inflation totale
Baseline (hybride),cpi_all_main,choc,6,0.0971406927135362,0.0399035554609248,2218,8,0.0315051847853748,0.162776200641698,0.0572371372526114,0.137044248174461,Inflation totale
Baseline (hybride),cpi_all_main,choc,7,0.135369471040303,0.0453040515890427,2210,8,0.0608509374684692,0.209888004612136,0.0900654194512599,0.180673522629345,Inflation totale
Baseline (hybride),cpi_all_main,choc,8,0.170218199926145,0.0519496875390035,2202,8,0.0847685679586194,0.255667831893671,0.118268512387141,0.222167887465148,Inflation totale
Baseline (hybride),cpi_all_main,choc,9,0.182736104238355,0.0553572850421767,2194,8,0.0916814731585443,0.273790735318166,0.127378819196178,0.238093389280532,Inflation totale
Baseline (hybride),cpi_all_main,choc,10,0.182005031786501,0.06239120922974,2186,8,0.0793806249950751,0.284629438577927,0.119613822556761,0.244396241016241,Inflation totale
Baseline (hybride),cpi_all_main,choc,11,0.201048083778868,0.0638903333883121,2178,8,0.0959578371779643,0.306138330379772,0.137157750390556,0.26493841716718,Inflation totale
Baseline (hybride),cpi_all_main,choc,12,0.237327179824647,0.0687478622414362,2170,8,0.12424700927166,0.350407350377633,0.16857931758321,0.306075042066083,Inflation totale
Baseline (hybride),cpi_all_main,choc,13,0.262106810646534,0.0716499904642133,2162,8,0.144253063960434,0.379960557332634,0.190456820182321,0.333756801110747,Inflation totale
Baseline (hybride),cpi_all_main,choc,14,0.266846312326242,0.078593274289861,2154,8,0.137571880056572,0.396120744595911,0.18825303803638,0.345439586616103,Inflation totale
Baseline (hybride),cpi_all_main,choc,15,0.304997724236363,0.0807290766930633,2146,8,0.172210209637335,0.437785238835392,0.2242686475433,0.385726800929427,Inflation totale
Baseline (hybride),cpi_all_main,choc,16,0.325198490729586,0.0759603964843468,2138,8,0.200254757067636,0.450142224391535,0.249238094245239,0.401158887213932,Inflation totale
Baseline (hybride),cpi_all_main,choc,17,0.325683296333288,0.0730947060921047,2130,8,0.205453203906738,0.445913388759838,0.252588590241183,0.398778002425393,Inflation totale
Baseline (hybride),cpi_all_main,choc,18,0.317780284094266,0.0769034107499424,2122,8,0.191285429997285,0.444275138191248,0.240876873344324,0.394683694844209,Inflation totale
Baseline (hybride),cpi_all_main,choc,19,0.326344511295547,0.0797787226040859,2114,8,0.195120190066661,0.457568832524433,0.246565788691461,0.406123233899633,Inflation totale
Baseline (hybride),cpi_all_main,choc,20,0.348911840902502,0.077275706733394,2106,8,0.22180461440684,0.476019067398163,0.271636134169108,0.426187547635896,Inflation totale
Baseline (hybride),cpi_all_main,choc,21,0.365220655938849,0.081735347310839,2098,8,0.230777973464478,0.499663338413221,0.28348530862801,0.446956003249688,Inflation totale
Baseline (hybride),cpi_all_main,choc,22,0.353264671777697,0.0828156056258054,2090,8,0.217045122495908,0.489484221059486,0.270449066151892,0.436080277403502,Inflation totale
Baseline (hybride),cpi_all_main,choc,23,0.359118516634254,0.0843287546928717,2082,8,0.220410058621383,0.497826974647125,0.274789761941382,0.443447271327126,Inflation totale
Baseline (hybride),cpi_all_main,choc,24,0.38319904363828,0.0783273299461938,2074,8,0.254362050886858,0.512036036389701,0.304871713692086,0.461526373584473,Inflation totale
EDEN pur,cpi_all,choc,0,-0.00641889756789218,0.01307777628927,2266,8,-0.0279299253297579,0.0150921301939735,-0.0194966738571622,0.00665887872137778,Inflation totale
EDEN pur,cpi_all,choc,1,-0.00118849066851337,0.0192789309290577,2258,8,-0.0328995101309209,0.0305225287938942,-0.0204674215975711,0.0180904402605444,Inflation totale
EDEN pur,cpi_all,choc,2,0.00793567811543503,0.0227937869124892,2250,8,-0.0295567649595318,0.0454281211904019,-0.0148581087970542,0.0307294650279242,Inflation totale
EDEN pur,cpi_all,choc,3,0.0201715002486041,0.0238473150964305,2242,8,-0.0190538424808141,0.0593968429780223,-0.00367581484782637,0.0440188153450346,Inflation totale
EDEN pur,cpi_all,choc,4,0.0551151040549892,0.0259520849023665,2234,8,0.0124277230763791,0.0978024850335993,0.0291630191526227,0.0810671889573557,Inflation totale
EDEN pur,cpi_all,choc,5,0.0946409876221299,0.0322995181571269,2226,8,0.0415130080325948,0.147768967211665,0.062341469465003,0.126940505779257,Inflation totale
EDEN pur,cpi_all,choc,6,0.102415507971097,0.0388484354138395,2218,8,0.0385155180792531,0.166315497862941,0.0635670725572575,0.141263943384936,Inflation totale
EDEN pur,cpi_all,choc,7,0.148932395404381,0.0470745665495548,2210,8,0.0715016238781774,0.226363166930585,0.101857828854826,0.196006961953936,Inflation totale
EDEN pur,cpi_all,choc,8,0.180301799808009,0.0536863147764985,2202,8,0.0919956702302271,0.268607929385791,0.126615485031511,0.233988114584508,Inflation totale
EDEN pur,cpi_all,choc,9,0.183147598287962,0.0562474071672534,2194,8,0.0906288466022895,0.275666349973635,0.126900191120709,0.239395005455216,Inflation totale
EDEN pur,cpi_all,choc,10,0.163393232830018,0.0568024631152518,2186,8,0.0699614953551194,0.256824970304917,0.106590769714767,0.22019569594527,Inflation totale
EDEN pur,cpi_all,choc,11,0.177384502811316,0.0564507911734821,2178,8,0.0845312142053342,0.270237791417299,0.120933711637834,0.233835293984799,Inflation totale
EDEN pur,cpi_all,choc,12,0.205864028457355,0.0592682894052865,2170,8,0.10837636766586,0.30335168924885,0.146595739052068,0.265132317862641,Inflation totale
EDEN pur,cpi_all,choc,13,0.225372183840209,0.060400260988084,2162,8,0.126022595485143,0.324721772195274,0.164971922852125,0.285772444828293,Inflation totale
EDEN pur,cpi_all,choc,14,0.23410675349555,0.0676186394451273,2154,8,0.122883989154708,0.345329517836391,0.166488114050422,0.301725392940677,Inflation totale
EDEN pur,cpi_all,choc,15,0.283350510280437,0.0729898962038017,2146,8,0.163292814778802,0.403408205782071,0.210360614076635,0.356340406484239,Inflation totale
EDEN pur,cpi_all,choc,16,0.30981341337725,0.0701068924435544,2138,8,0.194497837067173,0.425128989687327,0.239706520933696,0.379920305820805,Inflation totale
EDEN pur,cpi_all,choc,17,0.319752131629547,0.0696693652291107,2130,8,0.205156223545037,0.434348039714056,0.250082766400436,0.389421496858658,Inflation totale
EDEN pur,cpi_all,choc,18,0.314687146056541,0.0733214347743787,2122,8,0.194084118134619,0.435290173978464,0.241365711282163,0.38800858083092,Inflation totale
EDEN pur,cpi_all,choc,19,0.326646691723632,0.0772367242246785,2114,8,0.199603585748819,0.453689797698445,0.249409967498954,0.403883415948311,Inflation totale
EDEN pur,cpi_all,choc,20,0.338806398603231,0.0721240868635553,2106,8,0.220172832735149,0.457439964471312,0.266682311739675,0.410930485466786,Inflation totale
EDEN pur,cpi_all,choc,21,0.352184246052331,0.0767313309797382,2098,8,0.225972437989494,0.478396054115167,0.275452915072592,0.428915577032069,Inflation totale
EDEN pur,cpi_all,choc,22,0.327207428431254,0.0768527224507101,2090,8,0.200795949167109,0.453618907695399,0.250354705980544,0.404060150881964,Inflation totale
EDEN pur,cpi_all,choc,23,0.328453938502155,0.0795253652321837,2082,8,0.197646353065358,0.459261523938953,0.248928573269972,0.407979303734339,Inflation totale
EDEN pur,cpi_all,choc,24,0.345093567219203,0.0738416306507396,2074,8,0.223634893223323,0.466552241215083,0.271251936568463,0.418935197869942,Inflation totale
FAOSTAT pur,cpi_all_alt,choc,0,-0.00537417194706888,0.0143000251111895,2266,8,-0.0288956201167061,0.0181472762225683,-0.0196741970582584,0.00892585316412064,Inflation totale
FAOSTAT pur,cpi_all_alt,choc,1,-0.00563331044157842,0.0191897419205841,2258,8,-0.0371976270399139,0.0259310061567571,-0.0248230523621626,0.0135564314790057,Inflation totale
FAOSTAT pur,cpi_all_alt,choc,2,0.00999335696443841,0.0216729415428189,2250,8,-0.0256554595389746,0.0456421734678514,-0.0116795845783805,0.0316662985072574,Inflation totale
FAOSTAT pur,cpi_all_alt,choc,3,0.0232525147430146,0.0243938517455109,2242,8,-0.0168718007759055,0.0633768302619347,-0.00114133700249628,0.0476463664885255,Inflation totale
FAOSTAT pur,cpi_all_alt,choc,4,0.0525048304105894,0.0270463944827481,2234,8,0.00801747034968085,0.0969921904714979,0.0254584359278412,0.0795512248933375,Inflation totale
FAOSTAT pur,cpi_all_alt,choc,5,0.0854764438190348,0.0313294444687998,2226,8,0.0339440934541547,0.137008794183915,0.054146999350235,0.116805888287835,Inflation totale
FAOSTAT pur,cpi_all_alt,choc,6,0.104501903256714,0.0398453522864587,2218,8,0.0389621310311728,0.170041675482254,0.0646565509702548,0.144347255543172,Inflation totale
FAOSTAT pur,cpi_all_alt,choc,7,0.132076152510596,0.0434665086935131,2210,8,0.060580108035153,0.203572196986038,0.0886096438170826,0.175542661204109,Inflation totale
FAOSTAT pur,cpi_all_alt,choc,8,0.163305346947102,0.0500742077862575,2202,8,0.080940604653155,0.24567008924105,0.113231139160845,0.21337955473336,Inflation totale
FAOSTAT pur,cpi_all_alt,choc,9,0.178258037521452,0.0519059938785433,2194,8,0.0928802752298095,0.263635799813095,0.126352043642909,0.230164031399996,Inflation totale
FAOSTAT pur,cpi_all_alt,choc,10,0.182375710386088,0.0609471267839341,2186,8,0.0821266078432627,0.282624812928913,0.121428583602154,0.243322837170022,Inflation totale
FAOSTAT pur,cpi_all_alt,choc,11,0.20604163281996,0.0640464064458113,2178,8,0.100694668884359,0.311388596755561,0.141995226374149,0.270088039265771,Inflation totale
FAOSTAT pur,cpi_all_alt,choc,12,0.23804057388731,0.0700911623136272,2170,8,0.122750871338496,0.353330276436124,0.167949411573683,0.308131736200937,Inflation totale
FAOSTAT pur,cpi_all_alt,choc,13,0.257646999219963,0.0711471478854121,2162,8,0.14062035497339,0.374673643466535,0.18649985133455,0.328794147105375,Inflation totale
FAOSTAT pur,cpi_all_alt,choc,14,0.27046025458602,0.0773848239693863,2154,8,0.143173546208974,0.397746962963067,0.193075430616634,0.347845078555407,Inflation totale
FAOSTAT pur,cpi_all_alt,choc,15,0.304883223633396,0.0773155883093539,2146,8,0.177710397782869,0.432056049483924,0.227567635324042,0.38219881194275,Inflation totale
FAOSTAT pur,cpi_all_alt,choc,16,0.321903503192488,0.0729181721568611,2138,8,0.201963783249603,0.441843223135373,0.248985331035627,0.394821675349349,Inflation totale
FAOSTAT pur,cpi_all_alt,choc,17,0.331395043541482,0.070706724900663,2130,8,0.215092830638766,0.447697256444197,0.260688318640819,0.402101768442145,Inflation totale
FAOSTAT pur,cpi_all_alt,choc,18,0.313326432175944,0.0754433634776076,2122,8,0.189233142130383,0.437419722221506,0.237883068698337,0.388769795653552,Inflation totale
FAOSTAT pur,cpi_all_alt,choc,19,0.327863621851035,0.078507676961711,2114,8,0.19872998465703,0.45699725904504,0.249355944889324,0.406371298812746,Inflation totale
FAOSTAT pur,cpi_all_alt,choc,20,0.344016285982005,0.0766777536060522,2106,8,0.217892604856599,0.470139967107411,0.267338532375953,0.420694039588057,Inflation totale
FAOSTAT pur,cpi_all_alt,choc,21,0.36095763843666,0.0802729194723527,2098,8,0.228920435696577,0.492994841176742,0.280684718964307,0.441230557909012,Inflation totale
FAOSTAT pur,cpi_all_alt,choc,22,0.35525213869189,0.0826510949386278,2090,8,0.219303185410578,0.491201091973202,0.272601043753262,0.437903233630518,Inflation totale
FAOSTAT pur,cpi_all_alt,choc,23,0.358649429622273,0.0832534662629361,2082,8,0.2217096636834,0.495589195561145,0.275395963359337,0.441902895885209,Inflation totale
FAOSTAT pur,cpi_all_alt,choc,24,0.376986767093467,0.0763409957585143,2074,8,0.251417003334988,0.502556530851946,0.300645771334953,0.453327762851982,Inflation totale
Avec GSCPI,cpi_all_main,choc,0,-0.00755577115759149,0.013856254392041,2266,8,-0.0303472814503025,0.0152357391351195,-0.0214120255496325,0.00630048323444954,Inflation totale
Avec GSCPI,cpi_all_main,choc,1,-0.014349417193781,0.0193512550437866,2258,8,-0.0461793992386163,0.0174805648510543,-0.0337006722375676,0.00500183785000554,Inflation totale
Avec GSCPI,cpi_all_main,choc,2,-0.0029720144947384,0.0238410964551787,2250,8,-0.0421871284695389,0.0362430994800621,-0.0268131109499171,0.0208690819604403,Inflation totale
Avec GSCPI,cpi_all_main,choc,3,0.0166639677462121,0.0272249945526307,2242,8,-0.0281171632874165,0.0614450987798407,-0.0105610268064185,0.0438889622988428,Inflation totale
Avec GSCPI,cpi_all_main,choc,4,0.0535939994835236,0.0287119996191668,2234,8,0.00636696277290785,0.100821036194139,0.0248819998643568,0.0823059991026904,Inflation totale
Avec GSCPI,cpi_all_main,choc,5,0.0887313617102145,0.0336024412495601,2226,8,0.0334602643464518,0.144002459073977,0.0551289204606544,0.122333802959775,Inflation totale
Avec GSCPI,cpi_all_main,choc,6,0.105677963785848,0.0414434277161718,2218,8,0.0375095913936021,0.173846336178095,0.0642345360696767,0.14712139150202,Inflation totale
Avec GSCPI,cpi_all_main,choc,7,0.154216866192238,0.0465535137309301,2210,8,0.0776431502845826,0.230790582099894,0.107663352461308,0.200770379923168,Inflation totale
Avec GSCPI,cpi_all_main,choc,8,0.187370821745594,0.0500558995759919,2202,8,0.105036193777705,0.269705449713483,0.137314922169602,0.237426721321586,Inflation totale
Avec GSCPI,cpi_all_main,choc,9,0.20328751030551,0.051000009133355,2194,8,0.119399960307953,0.287175060303068,0.152287501172155,0.254287519438865,Inflation totale
Avec GSCPI,cpi_all_main,choc,10,0.205832458131698,0.0572482734173421,2186,8,0.111667427964473,0.299997488298922,0.148584184714356,0.26308073154904,Inflation totale
Avec GSCPI,cpi_all_main,choc,11,0.224504482171332,0.0591737795774311,2178,8,0.127172276212968,0.321836688129697,0.165330702593901,0.283678261748763,Inflation totale
Avec GSCPI,cpi_all_main,choc,12,0.260429679969333,0.0640738201553465,2170,8,0.155037624494175,0.365821735444491,0.196355859813986,0.324503500124679,Inflation totale
Avec GSCPI,cpi_all_main,choc,13,0.282146391662778,0.0703805908542937,2162,8,0.166380621529105,0.39791216179645,0.211765800808484,0.352526982517071,Inflation totale
Avec GSCPI,cpi_all_main,choc,14,0.282106586024514,0.0783873933436386,2154,8,0.153170797775959,0.41104237427307,0.203719192680876,0.360493979368153,Inflation totale
Avec GSCPI,cpi_all_main,choc,15,0.314616733632386,0.0800943473248149,2146,8,0.182873255936853,0.446360211327918,0.234522386307571,0.394711080957201,Inflation totale
Avec GSCPI,cpi_all_main,choc,16,0.334223505601496,0.076399690578223,2138,8,0.208557197455936,0.459889813747056,0.257823815023273,0.410623196179719,Inflation totale
Avec GSCPI,cpi_all_main,choc,17,0.327097130441675,0.0762371786277178,2130,8,0.201698130667326,0.452496130216024,0.250859951813957,0.403334309069392,Inflation totale
Avec GSCPI,cpi_all_main,choc,18,0.31727953630558,0.0782096471638342,2122,8,0.188636114505553,0.445922958105608,0.239069889141746,0.395489183469415,Inflation totale
Avec GSCPI,cpi_all_main,choc,19,0.331260450249931,0.0781388230062768,2114,8,0.202733523822337,0.459787376677524,0.253121627243654,0.409399273256208,Inflation totale
Avec GSCPI,cpi_all_main,choc,20,0.345962501613198,0.0780348665056728,2106,8,0.217606568412668,0.474318434813727,0.267927635107525,0.42399736811887,Inflation totale
Avec GSCPI,cpi_all_main,choc,21,0.357631622517902,0.0812958286374784,2098,8,0.223911883927521,0.491351361108284,0.276335793880424,0.438927451155381,Inflation totale
Avec GSCPI,cpi_all_main,choc,22,0.341888264907862,0.0845315126224922,2090,8,0.202846299779061,0.480930230036662,0.257356752285369,0.426419777530354,Inflation totale
Avec GSCPI,cpi_all_main,choc,23,0.338557445838521,0.0872376106322838,2082,8,0.195064345583429,0.482050546093613,0.251319835206237,0.425795056470805,Inflation totale
Avec GSCPI,cpi_all_main,choc,24,0.346080067107038,0.0893484157633887,2074,8,0.19911500137626,0.493045132837816,0.256731651343649,0.435428482870426,Inflation totale
Sans Mali ni Niger,cpi_all_main,choc,0,-0.0118115393043682,0.0144544522989413,1692,6,-0.0355869975938787,0.0119639189851424,-0.0262659916033094,0.00264291299457308,Inflation totale
Sans Mali ni Niger,cpi_all_main,choc,1,-0.0167376883356147,0.018650747181612,1686,6,-0.0474154374826442,0.0139400608114147,-0.0353884355172267,0.00191305884599725,Inflation totale
Sans Mali ni Niger,cpi_all_main,choc,2,-0.00300519765554629,0.0218975235530539,1680,6,-0.0390234186930423,0.0330130233819498,-0.0249027212086002,0.0188923258975077,Inflation totale
Sans Mali ni Niger,cpi_all_main,choc,3,0.0126573517104062,0.0238033359991896,1674,6,-0.0264956518414054,0.0518103552622178,-0.0111459842887834,0.0364606877095959,Inflation totale
Sans Mali ni Niger,cpi_all_main,choc,4,0.0511897069020375,0.0260690782912212,1668,6,0.00830988892344044,0.0940695248806346,0.0251206286108163,0.0772587851932587,Inflation totale
Sans Mali ni Niger,cpi_all_main,choc,5,0.091951847221721,0.0291122796310303,1662,6,0.0440664084817954,0.139837285961647,0.0628395675906908,0.121064126852751,Inflation totale
Sans Mali ni Niger,cpi_all_main,choc,6,0.100167655684821,0.0349980989346056,1656,6,0.0426009057158282,0.157734405653813,0.065169556750215,0.135165754619426,Inflation totale
Sans Mali ni Niger,cpi_all_main,choc,7,0.14737499880878,0.039805493807046,1650,6,0.0819007879476663,0.212849209669894,0.107569505001734,0.187180492615826,Inflation totale
Sans Mali ni Niger,cpi_all_main,choc,8,0.193285337806423,0.0475312085160802,1644,6,0.115103457085362,0.271467218527485,0.145754129290343,0.240816546322504,Inflation totale
Sans Mali ni Niger,cpi_all_main,choc,9,0.20578773782141,0.0496577353813743,1638,6,0.12410803167316,0.28746744396966,0.156130002440036,0.255445473202784,Inflation totale
Sans Mali ni Niger,cpi_all_main,choc,10,0.205873354242048,0.0563830595987866,1632,6,0.113131474162363,0.298615234321733,0.149490294643261,0.262256413840835,Inflation totale
Sans Mali ni Niger,cpi_all_main,choc,11,0.229665202837051,0.0578613719508803,1626,6,0.134491715323257,0.324838690350844,0.171803830886171,0.287526574787931,Inflation totale
Sans Mali ni Niger,cpi_all_main,choc,12,0.247227157851809,0.0641190605012409,1620,6,0.141760688629622,0.352693627073996,0.183108097350568,0.31134621835305,Inflation totale
Sans Mali ni Niger,cpi_all_main,choc,13,0.272660808787074,0.0666796989260973,1614,6,0.162982464164451,0.382339153409697,0.205981109860977,0.339340507713171,Inflation totale
Sans Mali ni Niger,cpi_all_main,choc,14,0.283278448448737,0.0737750171539287,1608,6,0.16192934390469,0.404627552992783,0.209503431294808,0.357053465602665,Inflation totale
Sans Mali ni Niger,cpi_all_main,choc,15,0.322264840788974,0.0749356521349328,1602,6,0.199006661586856,0.445523019991092,0.247329188654041,0.397200492923907,Inflation totale
Sans Mali ni Niger,cpi_all_main,choc,16,0.339058055390309,0.0717425476970223,1596,6,0.221052065604123,0.457064045176495,0.267315507693287,0.410800603087331,Inflation totale
Sans Mali ni Niger,cpi_all_main,choc,17,0.334262297257018,0.0684776539222067,1590,6,0.221626579837948,0.446898014676087,0.265784643334811,0.402739951179224,Inflation totale
Sans Mali ni Niger,cpi_all_main,choc,18,0.32332922000679,0.0710195031828249,1584,6,0.206512532612229,0.440145907401351,0.252309716823965,0.394348723189615,Inflation totale
Sans Mali ni Niger,cpi_all_main,choc,19,0.332748804999967,0.0738111790660048,1578,6,0.211340219403685,0.45415739059625,0.258937625933963,0.406559984065972,Inflation totale
Sans Mali ni Niger,cpi_all_main,choc,20,0.351884476436888,0.0712954353655171,1572,6,0.234613920990833,0.469155031882943,0.280589041071371,0.423179911802405,Inflation totale
Sans Mali ni Niger,cpi_all_main,choc,21,0.366217000504458,0.0756056086453115,1566,6,0.241856840906344,0.490577160102572,0.290611391859146,0.441822609149769,Inflation totale
Sans Mali ni Niger,cpi_all_main,choc,22,0.352534177000924,0.076536275027001,1560,6,0.226643207429406,0.478425146572442,0.275997901973923,0.429070452027925,Inflation totale
Sans Mali ni Niger,cpi_all_main,choc,23,0.364166839786196,0.0767173912303063,1554,6,0.237977960570772,0.49035571900162,0.28744944855589,0.440884231016502,Inflation totale
Sans Mali ni Niger,cpi_all_main,choc,24,0.381608652161127,0.0708626145559609,1548,6,0.26505002359349,0.498167280728763,0.310746037605166,0.452471266717088,Inflation totale
