spec,dep,terme,h,coef,se,nobs,pays,ic90_bas,ic90_haut,ic68_bas,ic68_haut,variable,reponse_prix_mondial,transmission_relative
Baseline (hybride),cpi_food_main,choc,0,-0.00470887041693365,0.0281037303617052,2266,8,-0.0509353932332506,0.0415176523993834,-0.0328126007786389,0.0233948599447716,Inflation alimentaire,1,-0.00470887041693365
Baseline (hybride),cpi_food_main,choc,1,0.0166146919330077,0.0414819301964839,2258,8,-0.0516170114036266,0.084846395269642,-0.0248672382634762,0.0580966221294916,Inflation alimentaire,1.48541937309171,0.0111851859710341
Baseline (hybride),cpi_food_main,choc,2,0.0473661105196478,0.0480576055534539,2250,8,-0.031681616277554,0.12641383731685,-0.000691495033806097,0.0954237160731016,Inflation alimentaire,1.77538537672029,0.026679340238314
Baseline (hybride),cpi_food_main,choc,3,0.077082627277714,0.0519579693556894,2242,8,-0.00838062706602501,0.162545881621453,0.0251246579220247,0.129040596633403,Inflation alimentaire,2.01098156230345,0.038330847344727
Baseline (hybride),cpi_food_main,choc,4,0.118099299095349,0.0539945640312589,2234,8,0.0292861446128692,0.206912453577829,0.06410473506409,0.172093863126608,Inflation alimentaire,2.1515231704723,0.0548910189377248
Baseline (hybride),cpi_food_main,choc,5,0.187070531834083,0.0660881703296269,2226,8,0.0783651651688094,0.295775898499356,0.120982361504456,0.25315870216371,Inflation alimentaire,2.35396716103352,0.0794703235163013
Baseline (hybride),cpi_food_main,choc,6,0.165234977588361,0.0728145272876341,2218,8,0.0454657382845387,0.285004216892182,0.0924204503007264,0.238049504875995,Inflation alimentaire,2.48627377299642,0.0664588829206938
Baseline (hybride),cpi_food_main,choc,7,0.242792644340251,0.0838023485263448,2210,8,0.104950047419641,0.38063524126086,0.158990295813906,0.326594992866595,Inflation alimentaire,2.55301127575854,0.095100498241283
Baseline (hybride),cpi_food_main,choc,8,0.274539785468896,0.0912708245395677,2202,8,0.124412638690136,0.424666932247655,0.183268960929328,0.365810610008463,Inflation alimentaire,2.5511157102523,0.107615575556055
Baseline (hybride),cpi_food_main,choc,9,0.250916432219412,0.0944837903385756,2194,8,0.0955044269928831,0.40632843744594,0.156432641880836,0.345400222557987,Inflation alimentaire,2.45049535144537,0.102394167804242
Baseline (hybride),cpi_food_main,choc,10,0.232466572474744,0.0969195428771579,2186,8,0.0730481108507718,0.391885034098715,0.135547029597586,0.329386115351901,Inflation alimentaire,2.41685116538636,0.0961857212409607
Baseline (hybride),cpi_food_main,choc,11,0.263366892020259,0.101753552035703,2178,8,0.0959971928991374,0.43073659114138,0.161613339984556,0.365120444055962,Inflation alimentaire,2.45353600155181,0.107341767903012
Baseline (hybride),cpi_food_main,choc,12,0.3493390633391,0.111935718115187,2170,8,0.165221191411917,0.533456935266284,0.237403345223913,0.461274781454288,Inflation alimentaire,2.37346605434403,0.147185194707008
Baseline (hybride),cpi_food_main,choc,13,0.404166467822144,0.118245214109368,2162,8,0.209670398524697,0.598662537119591,0.285921253712776,0.522411681931511,Inflation alimentaire,2.28141655851075,0.177155928107217
Baseline (hybride),cpi_food_main,choc,14,0.424276929876275,0.126838497344404,2154,8,0.215646167482258,0.632907692270292,0.297438432531872,0.551115427220679,Inflation alimentaire,2.12334696459597,0.199815167728373
Baseline (hybride),cpi_food_main,choc,15,0.486560671616499,0.132822408333745,2146,8,0.268087251528309,0.705034091704689,0.353738263282754,0.619383079950244,Inflation alimentaire,2.03910305459669,0.23861504719914
Baseline (hybride),cpi_food_main,choc,16,0.54003319204268,0.125042577234605,2138,8,0.334356455354981,0.745709928730379,0.414990614808075,0.665075769277285,Inflation alimentaire,1.98003117448427,0.272739742182766
Baseline (hybride),cpi_food_main,choc,17,0.533474253690865,0.131926575596228,2130,8,0.316474347330121,0.750474160051609,0.401547678094636,0.665400829287093,Inflation alimentaire,1.92487698692559,0.277147192945004
Baseline (hybride),cpi_food_main,choc,18,0.529029161003511,0.135996414148229,2122,8,0.305334965939403,0.75272335606762,0.393032746855282,0.66502557515174,Inflation alimentaire,1.86615969441831,0.283485471573434
Baseline (hybride),cpi_food_main,choc,19,0.560253403063079,0.142132055020659,2114,8,0.326466976856283,0.794039829269875,0.418121348042421,0.702385458083738,Inflation alimentaire,1.95277167502055,0.286901643561162
Baseline (hybride),cpi_food_main,choc,20,0.575897263095522,0.139689702826719,2106,8,0.34612814875322,0.805666377437823,0.436207560268803,0.71558696592224,Inflation alimentaire,1.96205566509475,0.293517290737881
Baseline (hybride),cpi_food_main,choc,21,0.58842718499134,0.144817403110974,2098,8,0.35022375423856,0.826630615744119,0.443609781880365,0.733244588102314,Inflation alimentaire,1.89457979685439,0.310584534875922
Baseline (hybride),cpi_food_main,choc,22,0.542748889196566,0.144291234441007,2090,8,0.305410928888971,0.780086849504162,0.398457654755559,0.687040123637573,Inflation alimentaire,1.7014013093802,0.31900109997816
Baseline (hybride),cpi_food_main,choc,23,0.575331426132486,0.145236962883557,2082,8,0.33643788096605,0.814224971298922,0.430094463248929,0.720568389016044,Inflation alimentaire,1.65142929006608,0.348383929964974
Baseline (hybride),cpi_food_main,choc,24,0.618183240059808,0.130245557372372,2074,8,0.403948362621547,0.83241811749807,0.487937682687437,0.74842879743218,Inflation alimentaire,1.45353061349921,0.425297709121932
Baseline (hybride),cpi_all_main,choc,0,-0.00862616068238615,0.014013111466925,2266,8,-0.031675677903633,0.0144233565388607,-0.0226392721493112,0.00538695078453885,Inflation totale,1,-0.00862616068238616
Baseline (hybride),cpi_all_main,choc,1,-0.0101072120962542,0.0187044216371824,2258,8,-0.0408732478662032,0.0206588236736948,-0.0288116337334366,0.00859720954092819,Inflation totale,1.48541937309171,-0.00680428186096518
Baseline (hybride),cpi_all_main,choc,2,0.00262878691871857,0.0226939679618336,2250,8,-0.034699468593224,0.0399570424306611,-0.0200651810431151,0.0253227548805522,Inflation totale,1.77538537672029,0.00148068523780161
Baseline (hybride),cpi_all_main,choc,3,0.0157572643158328,0.0249233848547078,2242,8,-0.0252380556583407,0.0567525842900062,-0.00916612053887498,0.0406806491705405,Inflation totale,2.01098156230345,0.00783560854619863
Baseline (hybride),cpi_all_main,choc,4,0.0485632124357638,0.0271945366628375,2234,8,0.0038321801726308,0.0932942446988969,0.0213686757729263,0.0757577490986013,Inflation totale,2.1515231704723,0.0225715498221212
Baseline (hybride),cpi_all_main,choc,5,0.0854740543175555,0.0317695629583309,2226,8,0.0332177734588818,0.137730335176229,0.0537044913592246,0.117243617275886,Inflation totale,2.35396716103352,0.0363106400685844
Baseline (hybride),cpi_all_main,choc,6,0.0971406927135362,0.0399035554609248,2218,8,0.0315051847853748,0.162776200641698,0.0572371372526114,0.137044248174461,Inflation totale,2.48627377299642,0.0390707949255579
Baseline (hybride),cpi_all_main,choc,7,0.135369471040303,0.0453040515890427,2210,8,0.0608509374684692,0.209888004612136,0.0900654194512599,0.180673522629345,Inflation totale,2.55301127575854,0.0530234520801646
Baseline (hybride),cpi_all_main,choc,8,0.170218199926145,0.0519496875390035,2202,8,0.0847685679586194,0.255667831893671,0.118268512387141,0.222167887465148,Inflation totale,2.5511157102523,0.0667230417037065
Baseline (hybride),cpi_all_main,choc,9,0.182736104238355,0.0553572850421767,2194,8,0.0916814731585443,0.273790735318166,0.127378819196178,0.238093389280532,Inflation totale,2.45049535144537,0.074571087894769
Baseline (hybride),cpi_all_main,choc,10,0.182005031786501,0.06239120922974,2186,8,0.0793806249950751,0.284629438577927,0.119613822556761,0.244396241016241,Inflation totale,2.41685116538636,0.0753066777107085
Baseline (hybride),cpi_all_main,choc,11,0.201048083778868,0.0638903333883121,2178,8,0.0959578371779643,0.306138330379772,0.137157750390556,0.26493841716718,Inflation totale,2.45353600155181,0.0819421780041987
Baseline (hybride),cpi_all_main,choc,12,0.237327179824647,0.0687478622414362,2170,8,0.12424700927166,0.350407350377633,0.16857931758321,0.306075042066083,Inflation totale,2.37346605434403,0.0999918155097602
Baseline (hybride),cpi_all_main,choc,13,0.262106810646534,0.0716499904642133,2162,8,0.144253063960434,0.379960557332634,0.190456820182321,0.333756801110747,Inflation totale,2.28141655851075,0.11488774799532
Baseline (hybride),cpi_all_main,choc,14,0.266846312326242,0.078593274289861,2154,8,0.137571880056572,0.396120744595911,0.18825303803638,0.345439586616103,Inflation totale,2.12334696459597,0.125672495722816
Baseline (hybride),cpi_all_main,choc,15,0.304997724236363,0.0807290766930633,2146,8,0.172210209637335,0.437785238835392,0.2242686475433,0.385726800929427,Inflation totale,2.03910305459669,0.14957445311497
Baseline (hybride),cpi_all_main,choc,16,0.325198490729586,0.0759603964843468,2138,8,0.200254757067636,0.450142224391535,0.249238094245239,0.401158887213932,Inflation totale,1.98003117448427,0.16423907609146
Baseline (hybride),cpi_all_main,choc,17,0.325683296333288,0.0730947060921047,2130,8,0.205453203906738,0.445913388759838,0.252588590241183,0.398778002425393,Inflation totale,1.92487698692559,0.169196940139779
Baseline (hybride),cpi_all_main,choc,18,0.317780284094266,0.0769034107499424,2122,8,0.191285429997285,0.444275138191248,0.240876873344324,0.394683694844209,Inflation totale,1.86615969441831,0.170285686184707
Baseline (hybride),cpi_all_main,choc,19,0.326344511295547,0.0797787226040859,2114,8,0.195120190066661,0.457568832524433,0.246565788691461,0.406123233899633,Inflation totale,1.95277167502055,0.167118621941356
Baseline (hybride),cpi_all_main,choc,20,0.348911840902502,0.077275706733394,2106,8,0.22180461440684,0.476019067398163,0.271636134169108,0.426187547635896,Inflation totale,1.96205566509475,0.177829735980326
Baseline (hybride),cpi_all_main,choc,21,0.365220655938849,0.081735347310839,2098,8,0.230777973464478,0.499663338413221,0.28348530862801,0.446956003249688,Inflation totale,1.89457979685439,0.192771324039891
Baseline (hybride),cpi_all_main,choc,22,0.353264671777697,0.0828156056258054,2090,8,0.217045122495908,0.489484221059486,0.270449066151892,0.436080277403502,Inflation totale,1.7014013093802,0.207631597454445
Baseline (hybride),cpi_all_main,choc,23,0.359118516634254,0.0843287546928717,2082,8,0.220410058621383,0.497826974647125,0.274789761941382,0.443447271327126,Inflation totale,1.65142929006608,0.217459214750808
Baseline (hybride),cpi_all_main,choc,24,0.38319904363828,0.0783273299461938,2074,8,0.254362050886858,0.512036036389701,0.304871713692086,0.461526373584473,Inflation totale,1.45353061349921,0.263633280289689
