spec,dep,terme,h,coef,se,nobs,pays,ic90_bas,ic90_haut,ic68_bas,ic68_haut,variable,sens
Asymétrie,cpi_food_main,choc_pos,0,0.012280753558916,0.036316524651564,2266,8,-0.0474546137324816,0.0720161208503136,-0.024035771092648,0.04859727821048,Inflation alimentaire,Hausse du prix mondial
Asymétrie,cpi_food_main,choc_neg,0,-0.0301050951265664,0.0582529457912934,2266,8,-0.125922664291983,0.0657124740388499,-0.0883580409178598,0.0281478506647269,Inflation alimentaire,Baisse du prix mondial
Asymétrie,cpi_food_main,hausse_moins_baisse,0,0.0423858486854824,0.0736508195020869,2266,8,-0.0787589689004734,0.163530666271438,-0.0312649708166045,0.116036668187569,Inflation alimentaire,Écart hausse moins baisse
Asymétrie,cpi_food_main,choc_pos,1,0.0621066837997058,0.0541194285939862,2258,8,-0.0269118546116535,0.151125222211065,0.00798725520571964,0.116226112393692,Inflation alimentaire,Hausse du prix mondial
Asymétrie,cpi_food_main,choc_neg,1,-0.0186808128094935,0.0811188317559974,2258,8,-0.152109417437412,0.114747791818425,-0.099799644565491,0.0624380189465039,Inflation alimentaire,Baisse du prix mondial
Asymétrie,cpi_food_main,hausse_moins_baisse,1,0.0807874966091993,0.103128222490583,2258,8,-0.0888433341954941,0.250418327413893,-0.0223407258813835,0.183915719099782,Inflation alimentaire,Écart hausse moins baisse
Asymétrie,cpi_food_main,choc_pos,2,0.0912510779324546,0.0777338106671285,2250,8,-0.0366096624801306,0.21911181834504,0.0135172672653261,0.168984888599583,Inflation alimentaire,Hausse du prix mondial
Asymétrie,cpi_food_main,choc_neg,2,-0.000545139509961256,0.0904894961604898,2250,8,-0.149387115470554,0.148296836450632,-0.091034635670451,0.0899443566505285,Inflation alimentaire,Baisse du prix mondial
Asymétrie,cpi_food_main,hausse_moins_baisse,2,0.0917962174424158,0.139456150676381,2250,8,-0.13758873779832,0.321181172683151,-0.0476599332339648,0.231252368118796,Inflation alimentaire,Écart hausse moins baisse
Asymétrie,cpi_food_main,choc_pos,3,0.0989197339472357,0.0889480456449549,2242,8,-0.0473867815421134,0.245226249436585,0.00997168830228083,0.187867779592191,Inflation alimentaire,Hausse du prix mondial
Asymétrie,cpi_food_main,choc_neg,3,0.0430032352787198,0.098500274022501,2242,8,-0.119015297702905,0.205021768260344,-0.0554970387437812,0.141503509301221,Inflation alimentaire,Baisse du prix mondial
Asymétrie,cpi_food_main,hausse_moins_baisse,3,0.0559164986685159,0.158694018857241,2242,8,-0.205111933824322,0.316944931161354,-0.102777520188725,0.214610517525757,Inflation alimentaire,Écart hausse moins baisse
Asymétrie,cpi_food_main,choc_pos,4,0.197897751003443,0.106632680037977,2234,8,0.0225026004914218,0.373292901515465,0.0912650709654668,0.30453043104142,Inflation alimentaire,Hausse du prix mondial
Asymétrie,cpi_food_main,choc_neg,4,0.00398984125030632,0.112924760082546,2234,8,-0.181754859944095,0.189734542444707,-0.10893491883224,0.116914601332853,Inflation alimentaire,Baisse du prix mondial
Asymétrie,cpi_food_main,hausse_moins_baisse,4,0.193907909753137,0.191117115738144,2234,8,-0.120451771241254,0.508267590747528,0.00279079401499271,0.385025025491282,Inflation alimentaire,Écart hausse moins baisse
Asymétrie,cpi_food_main,choc_pos,5,0.313838535281137,0.12409254319628,2226,8,0.109724465527103,0.517952605035171,0.189745992084857,0.437931078477417,Inflation alimentaire,Hausse du prix mondial
Asymétrie,cpi_food_main,choc_neg,5,0.0216791891884915,0.125398666250863,2226,8,-0.184583261809118,0.227941640186101,-0.103719477062372,0.147077855439355,Inflation alimentaire,Baisse du prix mondial
Asymétrie,cpi_food_main,hausse_moins_baisse,5,0.292159346092646,0.211214655647426,2226,8,-0.0552578463143294,0.639576538499621,0.0809446904452194,0.503374001740072,Inflation alimentaire,Écart hausse moins baisse
Asymétrie,cpi_food_main,choc_pos,6,0.306199629555135,0.129949195188467,2218,8,0.0924522245299597,0.51994703458031,0.176250434366667,0.436148824743602,Inflation alimentaire,Hausse du prix mondial
Asymétrie,cpi_food_main,choc_neg,6,-0.0198363162488932,0.132462771400342,2218,8,-0.23771818622279,0.198045553725003,-0.152299087649235,0.112626455151449,Inflation alimentaire,Baisse du prix mondial
Asymétrie,cpi_food_main,hausse_moins_baisse,6,0.326035945804028,0.219572342644166,2218,8,-0.0351284183724591,0.687200309980515,0.106463603159862,0.545608288448193,Inflation alimentaire,Écart hausse moins baisse
Asymétrie,cpi_food_main,choc_pos,7,0.367246299698003,0.150535643399841,2210,8,0.119637200666302,0.614855398729704,0.216710656298162,0.517781943097843,Inflation alimentaire,Hausse du prix mondial
Asymétrie,cpi_food_main,choc_neg,7,0.0687056736528619,0.13717618633276,2210,8,-0.15692907396795,0.294340421273674,-0.0684705126798985,0.205881859985622,Inflation alimentaire,Baisse du prix mondial
Asymétrie,cpi_food_main,hausse_moins_baisse,7,0.298540626045141,0.239683443401485,2210,8,-0.0957035551540089,0.692784807244291,0.0588571826436563,0.538224069446626,Inflation alimentaire,Écart hausse moins baisse
Asymétrie,cpi_food_main,choc_pos,8,0.388941314463274,0.162013895376336,2202,8,0.122452171036971,0.655430457889578,0.226927419086938,0.550955209839611,Inflation alimentaire,Hausse du prix mondial
Asymétrie,cpi_food_main,choc_neg,8,0.137200812264446,0.155943728254225,2202,8,-0.119303794754851,0.393705419283742,-0.0187429159897795,0.293144540518671,Inflation alimentaire,Baisse du prix mondial
Asymétrie,cpi_food_main,hausse_moins_baisse,8,0.251740502198829,0.262427573092926,2202,8,-0.179914443215143,0.6833954476128,-0.0106870708940969,0.514168075291755,Inflation alimentaire,Écart hausse moins baisse
Asymétrie,cpi_food_main,choc_pos,9,0.410810946007789,0.16139959952785,2194,8,0.14533222933589,0.676289662679689,0.249411346479939,0.572210545535639,Inflation alimentaire,Hausse du prix mondial
Asymétrie,cpi_food_main,choc_neg,9,0.0649577809240516,0.150925362668798,2194,8,-0.183292349260687,0.31320791110879,-0.0859675817447464,0.21588314359285,Inflation alimentaire,Baisse du prix mondial
Asymétrie,cpi_food_main,hausse_moins_baisse,9,0.345853165083738,0.251979073981616,2194,8,-0.0686155286707961,0.760321858838271,0.0938740911021219,0.597832239065353,Inflation alimentaire,Écart hausse moins baisse
Asymétrie,cpi_food_main,choc_pos,10,0.398640107882405,0.163232994133434,2186,8,0.130145725443878,0.667134490320932,0.235407113748971,0.561873102015839,Inflation alimentaire,Hausse du prix mondial
Asymétrie,cpi_food_main,choc_neg,10,0.0246902908125499,0.145955313825065,2186,8,-0.215384836505448,0.264765418130548,-0.121265023012515,0.170645604637615,Inflation alimentaire,Baisse du prix mondial
Asymétrie,cpi_food_main,hausse_moins_baisse,10,0.373949817069855,0.246225421510843,2186,8,-0.03105496054991,0.77895459468962,0.127724395559012,0.620175238580698,Inflation alimentaire,Écart hausse moins baisse
Asymétrie,cpi_food_main,choc_pos,11,0.437096597504231,0.176854597259817,2178,8,0.14619667175838,0.727996523250083,0.260242000244414,0.613951194764048,Inflation alimentaire,Hausse du prix mondial
Asymétrie,cpi_food_main,choc_neg,11,0.0537777697225932,0.144545242392285,2178,8,-0.183977996484937,0.291533535930123,-0.0907674726696921,0.198323012114879,Inflation alimentaire,Baisse du prix mondial
Asymétrie,cpi_food_main,hausse_moins_baisse,11,0.383318827781638,0.256779872689527,2178,8,-0.0390464771398681,0.805684132703144,0.126538955092111,0.640098700471165,Inflation alimentaire,Écart hausse moins baisse
Asymétrie,cpi_food_main,choc_pos,12,0.563944798634582,0.188723698782512,2170,8,0.25352193820047,0.874367659068695,0.37522109985207,0.752668497417095,Inflation alimentaire,Hausse du prix mondial
Asymétrie,cpi_food_main,choc_neg,12,0.128963737350198,0.151772370899161,2170,8,-0.120679597394311,0.378607072094706,-0.0228086335489628,0.280736108249358,Inflation alimentaire,Baisse du prix mondial
Asymétrie,cpi_food_main,hausse_moins_baisse,12,0.434981061284385,0.269788304665981,2170,8,-0.00878121015454358,0.878743332723313,0.165192756618403,0.704769365950366,Inflation alimentaire,Écart hausse moins baisse
Asymétrie,cpi_food_main,choc_pos,13,0.597976396887848,0.199839064496872,2162,8,0.269270386843579,0.926682406932118,0.398137332390976,0.797815461384721,Inflation alimentaire,Hausse du prix mondial
Asymétrie,cpi_food_main,choc_neg,13,0.221695433524778,0.150111645638369,2162,8,-0.0252162512511473,0.468607118300703,0.0715837878864089,0.371807079163147,Inflation alimentaire,Baisse du prix mondial
Asymétrie,cpi_food_main,hausse_moins_baisse,13,0.376280963363071,0.276887700162521,2162,8,-0.0791587745075043,0.831720701233646,0.0993932632005493,0.653168663525592,Inflation alimentaire,Écart hausse moins baisse
Asymétrie,cpi_food_main,choc_pos,14,0.616577090395764,0.212526177050889,2154,8,0.267002637251479,0.966151543540049,0.404050913344875,0.829103267446653,Inflation alimentaire,Hausse du prix mondial
Asymétrie,cpi_food_main,choc_neg,14,0.235662143328285,0.164060604115885,2154,8,-0.0341935363915776,0.505517823048148,0.0716015392124004,0.39972274744417,Inflation alimentaire,Baisse du prix mondial
Asymétrie,cpi_food_main,hausse_moins_baisse,14,0.380914947067479,0.293899406545502,2154,8,-0.102506557747775,0.864336451882732,0.0870155405219771,0.67481435361298,Inflation alimentaire,Écart hausse moins baisse
Asymétrie,cpi_food_main,choc_pos,15,0.699519223333671,0.220400032353013,2146,8,0.336993430737596,1.06204501592975,0.479119190980658,0.919919255686684,Inflation alimentaire,Hausse du prix mondial
Asymétrie,cpi_food_main,choc_neg,15,0.277947406596369,0.186231071189561,2146,8,-0.0283754463008385,0.584270259493577,0.0917163354068077,0.46417847778593,Inflation alimentaire,Baisse du prix mondial
Asymétrie,cpi_food_main,hausse_moins_baisse,15,0.421571816737302,0.316851355535325,2146,8,-0.0996022846194672,0.942745918094072,0.104720461201977,0.738423172272627,Inflation alimentaire,Écart hausse moins baisse
Asymétrie,cpi_food_main,choc_pos,16,0.818722404852994,0.209146511273805,2138,8,0.474707007220029,1.16273780248596,0.609575893579189,1.0278689161268,Inflation alimentaire,Hausse du prix mondial
Asymétrie,cpi_food_main,choc_neg,16,0.256689514809946,0.178958988078099,2138,8,-0.03767182580588,0.551050855425771,0.0777305267318471,0.435648502888044,Inflation alimentaire,Baisse du prix mondial
Asymétrie,cpi_food_main,hausse_moins_baisse,16,0.562032890043049,0.307119169122713,2138,8,0.0568668108052319,1.06719896928087,0.254913720920336,0.869152059165761,Inflation alimentaire,Écart hausse moins baisse
Asymétrie,cpi_food_main,choc_pos,17,0.859309919421766,0.204100509374445,2130,8,0.523594456314567,1.19502538252896,0.655209410047321,1.06341042879621,Inflation alimentaire,Hausse du prix mondial
Asymétrie,cpi_food_main,choc_neg,17,0.199625595323141,0.187389655107597,2130,8,-0.108602958533776,0.507854149180057,0.0122359402155436,0.387015250430738,Inflation alimentaire,Baisse du prix mondial
Asymétrie,cpi_food_main,hausse_moins_baisse,17,0.659684324098625,0.297735762682268,2130,8,0.169952574977534,1.14941607321972,0.361948561416357,0.957420086780893,Inflation alimentaire,Écart hausse moins baisse
Asymétrie,cpi_food_main,choc_pos,18,0.884240098862212,0.200694698179227,2122,8,0.55412669665218,1.21435350107224,0.683545400682985,1.08493479704144,Inflation alimentaire,Hausse du prix mondial
Asymétrie,cpi_food_main,choc_neg,18,0.157392201906437,0.176418159487215,2122,8,-0.132789847586212,0.447574251399085,-0.0190259575807781,0.333810361393651,Inflation alimentaire,Baisse du prix mondial
Asymétrie,cpi_food_main,hausse_moins_baisse,18,0.726847896955775,0.284090050248018,2122,8,0.259561347424496,1.19413444648705,0.442757846707757,1.01093794720379,Inflation alimentaire,Écart hausse moins baisse
Asymétrie,cpi_food_main,choc_pos,19,0.918531706945312,0.216738632791568,2114,8,0.562028380697599,1.27503503319303,0.701793074153744,1.13527033973688,Inflation alimentaire,Hausse du prix mondial
Asymétrie,cpi_food_main,choc_neg,19,0.157293770534449,0.180341580746051,2114,8,-0.139341732645854,0.453929273714753,-0.0230478102116014,0.3376353512805,Inflation alimentaire,Baisse du prix mondial
Asymétrie,cpi_food_main,hausse_moins_baisse,19,0.761237936410863,0.298862255431504,2114,8,0.269653271605457,1.25282260121627,0.462375680979359,1.06010019184237,Inflation alimentaire,Écart hausse moins baisse
Asymétrie,cpi_food_main,choc_pos,20,0.957239885233867,0.236159535113128,2106,8,0.568792017363866,1.34568775310387,0.72108035012074,1.19339942034699,Inflation alimentaire,Hausse du prix mondial
Asymétrie,cpi_food_main,choc_neg,20,0.146330541634187,0.173217272293886,2106,8,-0.138586516949052,0.431247600217426,-0.026886730659699,0.319547813928073,Inflation alimentaire,Baisse du prix mondial
Asymétrie,cpi_food_main,hausse_moins_baisse,20,0.81090934359968,0.33319243326415,2106,8,0.262856561272357,1.358962125927,0.477716910335531,1.14410177686383,Inflation alimentaire,Écart hausse moins baisse
Asymétrie,cpi_food_main,choc_pos,21,0.999248173062637,0.224983184073027,2098,8,0.629183766737027,1.36931257938825,0.774264988989609,1.22423135713566,Inflation alimentaire,Hausse du prix mondial
Asymétrie,cpi_food_main,choc_neg,21,0.160352941071224,0.153850152594443,2098,8,-0.0927080404307825,0.41341392257323,0.00650278847678115,0.314203093665666,Inflation alimentaire,Baisse du prix mondial
Asymétrie,cpi_food_main,hausse_moins_baisse,21,0.838895231991413,0.298719656075747,2098,8,0.347545122253524,1.3302453417293,0.540175575915666,1.13761488806716,Inflation alimentaire,Écart hausse moins baisse
Asymétrie,cpi_food_main,choc_pos,22,0.939862709812465,0.226624225314753,2090,8,0.567099030848426,1.3126263887765,0.713238484497712,1.16648693512722,Inflation alimentaire,Hausse du prix mondial
Asymétrie,cpi_food_main,choc_neg,22,0.115939843415477,0.180295879634842,2090,8,-0.180620488126298,0.412500174957253,-0.0643560362193642,0.296235723050319,Inflation alimentaire,Baisse du prix mondial
Asymétrie,cpi_food_main,hausse_moins_baisse,22,0.823922866396988,0.327506967641506,2090,8,0.285221842819978,1.362623889974,0.496415898755482,1.15142983403849,Inflation alimentaire,Écart hausse moins baisse
Asymétrie,cpi_food_main,choc_pos,23,0.963372521477762,0.215084746660481,2082,8,0.609589595831331,1.31715544712419,0.74828777481728,1.17845726813824,Inflation alimentaire,Hausse du prix mondial
Asymétrie,cpi_food_main,choc_neg,23,0.140146932490655,0.170919441643943,2082,8,-0.140990531013905,0.421284395995215,-0.0307725091532878,0.311066374134598,Inflation alimentaire,Baisse du prix mondial
Asymétrie,cpi_food_main,hausse_moins_baisse,23,0.823225588987107,0.297960219867154,2082,8,0.333124640651361,1.31332653732285,0.525265369119953,1.12118580885426,Inflation alimentaire,Écart hausse moins baisse
Asymétrie,cpi_food_main,choc_pos,24,0.976346948864462,0.193948361869225,2074,8,0.65733028240257,1.29536361532635,0.782398586995237,1.17029531073369,Inflation alimentaire,Hausse du prix mondial
Asymétrie,cpi_food_main,choc_neg,24,0.228138718568871,0.176599964066467,2074,8,-0.062342372845357,0.518619809983099,0.0515387545024039,0.404738682635338,Inflation alimentaire,Baisse du prix mondial
Asymétrie,cpi_food_main,hausse_moins_baisse,24,0.748208230295591,0.295463968715122,2074,8,0.262213249721046,1.23420321087014,0.452744261580469,1.04367219901071,Inflation alimentaire,Écart hausse moins baisse
Asymétrie,cpi_all_main,choc_pos,0,-0.00155531954882039,0.0181399348177604,2266,8,-0.0313928571264768,0.0282822180288361,-0.0196952543665808,0.01658461526894,Inflation totale,Hausse du prix mondial
Asymétrie,cpi_all_main,choc_neg,0,-0.0232756817108906,0.0268451433560679,2266,8,-0.067432013126151,0.0208806497043698,-0.0501208250669585,0.00356946164517724,Inflation totale,Baisse du prix mondial
Asymétrie,cpi_all_main,hausse_moins_baisse,0,0.0217203621620702,0.0343008869404669,2266,8,-0.0346995761296092,0.0781403004537497,-0.0125805247783967,0.0560212491025372,Inflation totale,Écart hausse moins baisse
Asymétrie,cpi_all_main,choc_pos,1,0.00260262529572417,0.024391332435381,2258,8,-0.0375175463267914,0.0427227969182397,-0.0217887071396568,0.0269939577311052,Inflation totale,Hausse du prix mondial
Asymétrie,cpi_all_main,choc_neg,1,-0.019623433055421,0.0369171180342807,2258,8,-0.0803466885507031,0.0410998224398612,-0.0565405510897016,0.0172936849788597,Inflation totale,Baisse du prix mondial
Asymétrie,cpi_all_main,hausse_moins_baisse,1,0.0222260583511451,0.0480128199314725,2258,8,-0.0567480026533053,0.101200119355596,-0.0257867615803274,0.0702388782826176,Inflation totale,Écart hausse moins baisse
Asymétrie,cpi_all_main,choc_pos,2,0.0162854544298829,0.0350383112745276,2250,8,-0.0413474389522785,0.0739183478120444,-0.0187528568446447,0.0513237657044106,Inflation totale,Hausse du prix mondial
Asymétrie,cpi_all_main,choc_neg,2,-0.0111896862780008,0.0436150908567884,2250,8,-0.082930126663607,0.0605507541076056,-0.0548047771347891,0.0324254045787876,Inflation totale,Baisse du prix mondial
Asymétrie,cpi_all_main,hausse_moins_baisse,2,0.0274751407078837,0.0651980480167534,2250,8,-0.0797661050426294,0.134716386458397,-0.0377229073088697,0.0926731887246371,Inflation totale,Écart hausse moins baisse
Asymétrie,cpi_all_main,choc_pos,3,0.00942379420500495,0.0438511272858621,2242,8,-0.062704891557056,0.0815524799670659,-0.0344273330808572,0.0532749214908671,Inflation totale,Hausse du prix mondial
Asymétrie,cpi_all_main,choc_neg,3,0.0234534349083292,0.0559345805816176,2242,8,-0.0685507628333539,0.115457632650012,-0.0324811456732884,0.0793880154899468,Inflation totale,Baisse du prix mondial
Asymétrie,cpi_all_main,hausse_moins_baisse,3,-0.0140296407033242,0.0862186127954436,2242,8,-0.155846638670634,0.127787357263986,-0.100248253498768,0.0721889720921194,Inflation totale,Écart hausse moins baisse
Asymétrie,cpi_all_main,choc_pos,4,0.0464190324457072,0.0521794251955943,2234,8,-0.0394084843395092,0.132246549230923,-0.00576039274988716,0.0985984576413015,Inflation totale,Hausse du prix mondial
Asymétrie,cpi_all_main,choc_neg,4,0.0527298210175183,0.0681562726305819,2234,8,-0.0593772712183876,0.164836913253424,-0.0154264516130636,0.1208860936481,Inflation totale,Baisse du prix mondial
Asymétrie,cpi_all_main,hausse_moins_baisse,4,-0.00631078857181116,0.105227595957132,2234,8,-0.179394781437284,0.166773204293661,-0.111538384528943,0.0989168073853207,Inflation totale,Écart hausse moins baisse
Asymétrie,cpi_all_main,choc_pos,5,0.104563195168052,0.0614169686507428,2226,8,0.00354127152651297,0.205585118809591,0.0431462265173093,0.165980163818795,Inflation totale,Hausse du prix mondial
Asymétrie,cpi_all_main,choc_neg,5,0.0703186099157454,0.0813164806589116,2226,8,-0.0634350982269945,0.204072318058485,-0.0109978707431662,0.151635090574657,Inflation totale,Baisse du prix mondial
Asymétrie,cpi_all_main,hausse_moins_baisse,5,0.0342445852523066,0.12472202928917,2226,8,-0.170904896984733,0.239394067489346,-0.0904774440368637,0.158966614541477,Inflation totale,Écart hausse moins baisse
Asymétrie,cpi_all_main,choc_pos,6,0.113609716512403,0.0671395152583495,2218,8,0.00317504132794368,0.224044391696863,0.046470201254054,0.180749231770753,Inflation totale,Hausse du prix mondial
Asymétrie,cpi_all_main,choc_neg,6,0.0887352407523956,0.0900526000041037,2218,8,-0.0593881049807644,0.236858586485556,-0.00131735925170809,0.178787840756499,Inflation totale,Baisse du prix mondial
Asymétrie,cpi_all_main,hausse_moins_baisse,6,0.0248744757600079,0.131078773846334,2218,8,-0.190730920817487,0.240479872337502,-0.106204298086326,0.155953249606342,Inflation totale,Écart hausse moins baisse
Asymétrie,cpi_all_main,choc_pos,7,0.142974302730907,0.0765736844187355,2210,8,0.0170218001857123,0.268926805276101,0.0664006183121713,0.219547987149642,Inflation totale,Hausse du prix mondial
Asymétrie,cpi_all_main,choc_neg,7,0.13384679075401,0.0890847305732275,2210,8,-0.0126845514353576,0.280378132943378,0.0447620601807828,0.222931521327238,Inflation totale,Baisse du prix mondial
Asymétrie,cpi_all_main,hausse_moins_baisse,7,0.00912751197689654,0.135335335252552,2210,8,-0.213479305067957,0.23173432902175,-0.126207823275655,0.144462847229449,Inflation totale,Écart hausse moins baisse
Asymétrie,cpi_all_main,choc_pos,8,0.172023573264103,0.081000605057618,2202,8,0.038789434249816,0.305257712278389,0.0910229682064847,0.253024178321721,Inflation totale,Hausse du prix mondial
Asymétrie,cpi_all_main,choc_neg,8,0.180708345674623,0.0971179318589421,2202,8,0.0209635632144162,0.34045312813483,0.0835904138156809,0.277826277533565,Inflation totale,Baisse du prix mondial
Asymétrie,cpi_all_main,hausse_moins_baisse,8,-0.00868477241052029,0.143486962368882,2202,8,-0.244699822883225,0.227330278062185,-0.152171734779402,0.134802189958362,Inflation totale,Écart hausse moins baisse
Asymétrie,cpi_all_main,choc_pos,9,0.202252932482857,0.0833417187646266,2194,8,0.0651680040964915,0.339337860869223,0.118911213718231,0.285594651247484,Inflation totale,Hausse du prix mondial
Asymétrie,cpi_all_main,choc_neg,9,0.173188620214319,0.0939415084472776,2194,8,0.0186685893235224,0.327708651105116,0.0792471117670417,0.267130128661597,Inflation totale,Baisse du prix mondial
Asymétrie,cpi_all_main,hausse_moins_baisse,9,0.0290643122685378,0.139223930334318,2194,8,-0.199938674500304,0.258067299037379,-0.11015961806578,0.168288242602856,Inflation totale,Écart hausse moins baisse
Asymétrie,cpi_all_main,choc_pos,10,0.210084303485511,0.0946018817652517,2186,8,0.0544780551475026,0.36569055182352,0.115482421720259,0.304686185250763,Inflation totale,Hausse du prix mondial
Asymétrie,cpi_all_main,choc_neg,10,0.157013220757156,0.0957872203945652,2186,8,-0.000542736124444415,0.314569177638757,0.0612260003625909,0.252800441151721,Inflation totale,Baisse du prix mondial
Asymétrie,cpi_all_main,hausse_moins_baisse,10,0.053071082728355,0.146896435588107,2186,8,-0.188552052134985,0.294694217591695,-0.0938253528597516,0.199967518316462,Inflation totale,Écart hausse moins baisse
Asymétrie,cpi_all_main,choc_pos,11,0.225778067659278,0.0977354006873258,2178,8,0.0650176393571746,0.386538495961381,0.128042666971952,0.323513468346604,Inflation totale,Hausse du prix mondial
Asymétrie,cpi_all_main,choc_neg,11,0.175660006944489,0.0897442913181014,2178,8,0.0280437838717207,0.323276230017258,0.0859157156263879,0.265404298262591,Inflation totale,Baisse du prix mondial
Asymétrie,cpi_all_main,hausse_moins_baisse,11,0.0501180607147885,0.144148457364384,2178,8,-0.186985052200477,0.287221173630054,-0.0940303966495951,0.194266518079172,Inflation totale,Écart hausse moins baisse
Asymétrie,cpi_all_main,choc_pos,12,0.280306576595578,0.10590399254696,2170,8,0.106110010346069,0.454503142845087,0.174402584048618,0.386210569142538,Inflation totale,Hausse du prix mondial
Asymétrie,cpi_all_main,choc_neg,12,0.200560284800565,0.0918369276915349,2170,8,0.0495019811990637,0.351618588402066,0.10872335710903,0.2923972124921,Inflation totale,Baisse du prix mondial
Asymétrie,cpi_all_main,hausse_moins_baisse,12,0.079746291795013,0.152754203146796,2170,8,-0.171512013283076,0.331004596873101,-0.0730079113517825,0.232500494941809,Inflation totale,Écart hausse moins baisse
Asymétrie,cpi_all_main,choc_pos,13,0.305168568885964,0.112529482055224,2162,8,0.120074042188457,0.49026309558347,0.192639086830739,0.417698050941188,Inflation totale,Hausse du prix mondial
Asymétrie,cpi_all_main,choc_neg,13,0.224217495380927,0.0930956687166679,2162,8,0.0710887470388434,0.377346243723011,0.131121826664259,0.317313164097595,Inflation totale,Baisse du prix mondial
Asymétrie,cpi_all_main,hausse_moins_baisse,13,0.0809510735050365,0.159722312290298,2162,8,-0.181768751170737,0.34367089818081,-0.078771238785262,0.240673385795335,Inflation totale,Écart hausse moins baisse
Asymétrie,cpi_all_main,choc_pos,14,0.319288942307972,0.121907968947722,2154,8,0.118768177430024,0.519809707185919,0.19738097336025,0.441196911255693,Inflation totale,Hausse du prix mondial
Asymétrie,cpi_all_main,choc_neg,14,0.21673472756779,0.100917795754152,2154,8,0.0507397251976247,0.382729729937955,0.115816931813638,0.317652523321942,Inflation totale,Baisse du prix mondial
Asymétrie,cpi_all_main,hausse_moins_baisse,14,0.102554214740182,0.167842727737557,2154,8,-0.173522504736367,0.37863093421673,-0.0652885129973749,0.270396942477738,Inflation totale,Écart hausse moins baisse
Asymétrie,cpi_all_main,choc_pos,15,0.384689274752794,0.128136843494058,2146,8,0.17392292298548,0.595455626520108,0.256552431258736,0.512826118246851,Inflation totale,Hausse du prix mondial
Asymétrie,cpi_all_main,choc_neg,15,0.222409694576261,0.106005244876306,2146,8,0.0480465830655897,0.396772806086933,0.116404449699955,0.328414939452568,Inflation totale,Baisse du prix mondial
Asymétrie,cpi_all_main,hausse_moins_baisse,15,0.162279580176533,0.174380438752185,2146,8,-0.124550716974388,0.449109877327453,-0.0121008585756527,0.336660018928718,Inflation totale,Écart hausse moins baisse
Asymétrie,cpi_all_main,choc_pos,16,0.433674883441722,0.120232013814667,2138,8,0.235910819442987,0.631438947440456,0.313442869627055,0.553906897256389,Inflation totale,Hausse du prix mondial
Asymétrie,cpi_all_main,choc_neg,16,0.211267062955816,0.108843869360473,2138,8,0.0322348296668095,0.390299296244823,0.102423193595343,0.32011093231629,Inflation totale,Baisse du prix mondial
Asymétrie,cpi_all_main,hausse_moins_baisse,16,0.222407820485905,0.169124923821058,2138,8,-0.0557779238690526,0.500593564840863,0.0532828966648478,0.391532744306963,Inflation totale,Écart hausse moins baisse
Asymétrie,cpi_all_main,choc_pos,17,0.455266960787062,0.1150959598297,2130,8,0.265950953813719,0.644582967760405,0.340171000957362,0.570362920616763,Inflation totale,Hausse du prix mondial
Asymétrie,cpi_all_main,choc_neg,17,0.200865352752121,0.110790757936502,2130,8,0.0186307727275622,0.383099932776679,0.0900745948156182,0.311656110688623,Inflation totale,Baisse du prix mondial
Asymétrie,cpi_all_main,hausse_moins_baisse,17,0.254401608034942,0.166480423576064,2130,8,-0.0194343205005644,0.528237536570448,0.0879211844588778,0.420882031611006,Inflation totale,Écart hausse moins baisse
Asymétrie,cpi_all_main,choc_pos,18,0.456207593586334,0.11271783084779,2122,8,0.270803260694244,0.641611926478424,0.343489762738544,0.568925424434124,Inflation totale,Hausse du prix mondial
Asymétrie,cpi_all_main,choc_neg,18,0.191318579852695,0.110134352669309,2122,8,0.0101636904126299,0.372473469292759,0.081184227183386,0.301452932522003,Inflation totale,Baisse du prix mondial
Asymétrie,cpi_all_main,hausse_moins_baisse,18,0.26488901373364,0.15859135623744,2122,8,0.00402944622333362,0.525748581243946,0.1062976574962,0.42348036997108,Inflation totale,Écart hausse moins baisse
Asymétrie,cpi_all_main,choc_pos,19,0.434743385415441,0.113999953573118,2114,8,0.247230148308399,0.622256622522484,0.320743431842324,0.548743338988559,Inflation totale,Hausse du prix mondial
Asymétrie,cpi_all_main,choc_neg,19,0.225324945079748,0.111536169413417,2114,8,0.0418642722838159,0.40878561787568,0.113788775666331,0.336861114493164,Inflation totale,Baisse du prix mondial
Asymétrie,cpi_all_main,hausse_moins_baisse,19,0.209418440335693,0.15538821909668,2114,8,-0.04617243543101,0.465009316102397,0.0540302212390138,0.364806659432373,Inflation totale,Écart hausse moins baisse
Asymétrie,cpi_all_main,choc_pos,20,0.445172279382048,0.124027125245644,2106,8,0.241165812581387,0.649178746182709,0.321145154136405,0.569199404627692,Inflation totale,Hausse du prix mondial
Asymétrie,cpi_all_main,choc_neg,20,0.26799687321269,0.104080853155387,2106,8,0.0967991044038473,0.439194642021532,0.163916020057302,0.372077726368077,Inflation totale,Baisse du prix mondial
Asymétrie,cpi_all_main,hausse_moins_baisse,20,0.177175406169359,0.170526578624173,2106,8,-0.103315855172237,0.457666667510954,0.00664882754518614,0.347701984793531,Inflation totale,Écart hausse moins baisse
Asymétrie,cpi_all_main,choc_pos,21,0.468590634265524,0.117946011452804,2098,8,0.274586709542919,0.662594558988129,0.350644622812719,0.586536645718328,Inflation totale,Hausse du prix mondial
Asymétrie,cpi_all_main,choc_neg,21,0.300667490048616,0.101803033669573,2098,8,0.133216400882556,0.468118579214676,0.198864456379043,0.402470523718189,Inflation totale,Baisse du prix mondial
Asymétrie,cpi_all_main,hausse_moins_baisse,21,0.167923144216908,0.15948152823763,2098,8,-0.0944006259365212,0.430246914370337,0.00844161597927792,0.327404672454537,Inflation totale,Écart hausse moins baisse
Asymétrie,cpi_all_main,choc_pos,22,0.440735602662048,0.12104830595882,2090,8,0.241628857569351,0.639842347754744,0.319687296703228,0.561783908620868,Inflation totale,Hausse du prix mondial
Asymétrie,cpi_all_main,choc_neg,22,0.290963997833849,0.103349324290131,2090,8,0.120969486932243,0.460958508735455,0.187614673543718,0.39431332212398,Inflation totale,Baisse du prix mondial
Asymétrie,cpi_all_main,hausse_moins_baisse,22,0.149771604828199,0.164812572084007,2090,8,-0.121320952131381,0.420864161787779,-0.0150409672558085,0.314584176912206,Inflation totale,Écart hausse moins baisse
Asymétrie,cpi_all_main,choc_pos,23,0.443518283151024,0.121936341066131,2082,8,0.242950850291207,0.644085716010841,0.321581942084893,0.565454624217155,Inflation totale,Hausse du prix mondial
Asymétrie,cpi_all_main,choc_neg,23,0.270644183273307,0.104566919567391,2082,8,0.0986469063637419,0.442641460182872,0.166077263705917,0.375211102840698,Inflation totale,Baisse du prix mondial
Asymétrie,cpi_all_main,hausse_moins_baisse,23,0.172874099877717,0.165177541306302,2082,8,-0.0988187780308815,0.444566977786315,0.00769655857141416,0.338051641184019,Inflation totale,Écart hausse moins baisse
Asymétrie,cpi_all_main,choc_pos,24,0.455740993814883,0.114001751519982,2074,8,0.268224799348421,0.643257188281345,0.341739242294902,0.569742745334865,Inflation totale,Hausse du prix mondial
Asymétrie,cpi_all_main,choc_neg,24,0.320970054225151,0.104600233147333,2074,8,0.14891798135279,0.493022127097512,0.216369821077817,0.425570287372484,Inflation totale,Baisse du prix mondial
Asymétrie,cpi_all_main,hausse_moins_baisse,24,0.134770939589733,0.165981934931317,2074,8,-0.138245048090467,0.407786927269932,-0.0312109953415841,0.300752874521049,Inflation totale,Écart hausse moins baisse
