spec,dep,terme,h,coef,se,nobs,pays,ic90_bas,ic90_haut,ic68_bas,ic68_haut,caracteristique,variable
food_weight,cpi_food_main,choc,0,-0.00453119519285061,0.0280972861701624,2266,8,-0.0507471182573357,0.0416847278716345,-0.032628481363013,0.0235660909773118,Poids de l'alimentation dans le panier (points de %),Inflation alimentaire
food_weight,cpi_food_main,choc_x,0,0.00170358121078129,0.0019011195125042,2266,8,-0.00142348211462945,0.00483064453619203,-0.000197538301722905,0.00360470072328549,Poids de l'alimentation dans le panier (points de %),Inflation alimentaire
food_weight,cpi_food_main,choc,1,0.0171085717960723,0.0415736992757482,2258,8,-0.0512740782434319,0.0854912218355765,-0.0244651274796759,0.0586822710718205,Poids de l'alimentation dans le panier (points de %),Inflation alimentaire
food_weight,cpi_food_main,choc_x,1,0.00295927657224937,0.00296862113027986,2258,8,-0.00192367066093623,0.00784222380543497,-9.34455803048954e-06,0.00592789770252923,Poids de l'alimentation dans le panier (points de %),Inflation alimentaire
food_weight,cpi_food_main,choc,2,0.0482226880619465,0.0482319515866251,2250,8,-0.0311118124402616,0.127557188564155,-9.26352467860853e-06,0.0964546396485717,Poids de l'alimentation dans le panier (points de %),Inflation alimentaire
food_weight,cpi_food_main,choc_x,2,0.00444454965711059,0.00386937800387685,2250,8,-0.00192001078661249,0.0108091101008337,0.000575171653233741,0.00831392766098744,Poids de l'alimentation dans le panier (points de %),Inflation alimentaire
food_weight,cpi_food_main,choc,3,0.0769746535478179,0.0520277265279904,2242,8,-0.00860334113378648,0.162552648229422,0.0249469270198274,0.129002380075808,Poids de l'alimentation dans le panier (points de %),Inflation alimentaire
food_weight,cpi_food_main,choc_x,3,0.000879794046626265,0.00455630968134778,2242,8,-0.00661466845825274,0.00837425655150527,-0.00367651563472152,0.00543610372797405,Poids de l'alimentation dans le panier (points de %),Inflation alimentaire
food_weight,cpi_food_main,choc,4,0.118195877724641,0.0540166539867414,2234,8,0.0293463884987664,0.207045366950515,0.0641792237378993,0.172212531711382,Poids de l'alimentation dans le panier (points de %),Inflation alimentaire
food_weight,cpi_food_main,choc_x,4,0.000787427036295959,0.0044677824389107,2234,8,-0.00656142111277639,0.00813627518536831,-0.00368035540261474,0.00525520947520666,Poids de l'alimentation dans le panier (points de %),Inflation alimentaire
food_weight,cpi_food_main,choc,5,0.187033274520984,0.0662180370146988,2226,8,0.0781142961677494,0.295952252874218,0.120815237506285,0.253251311535682,Poids de l'alimentation dans le panier (points de %),Inflation alimentaire
food_weight,cpi_food_main,choc_x,5,0.000603441769850453,0.00481006968661574,2226,8,-0.00730841880006878,0.00851530233976969,-0.00420662791676529,0.0054135114564662,Poids de l'alimentation dans le panier (points de %),Inflation alimentaire
food_weight,cpi_food_main,choc,6,0.165308871220775,0.0729387182246425,2218,8,0.0453353560037809,0.28528238643777,0.092370152996133,0.238247589445418,Poids de l'alimentation dans le panier (points de %),Inflation alimentaire
food_weight,cpi_food_main,choc_x,6,0.00323600192025803,0.00472774616906081,2218,8,-0.00454044851322758,0.0110124523537436,-0.00149174424880278,0.00796374808931884,Poids de l'alimentation dans le panier (points de %),Inflation alimentaire
food_weight,cpi_food_main,choc,7,0.243027437370312,0.0840429835637093,2210,8,0.104789031035721,0.381265843704902,0.158984453806602,0.327070420934021,Poids de l'alimentation dans le panier (points de %),Inflation alimentaire
food_weight,cpi_food_main,choc_x,7,0.00264940432740834,0.00477684909358173,2210,8,-0.00520781322956942,0.0105066218843861,-0.00212744476617339,0.00742625342099007,Poids de l'alimentation dans le panier (points de %),Inflation alimentaire
food_weight,cpi_food_main,choc,8,0.274225186950578,0.0915201921671959,2202,8,0.123687866925071,0.424762506976086,0.182704994783383,0.365745379117774,Poids de l'alimentation dans le panier (points de %),Inflation alimentaire
food_weight,cpi_food_main,choc_x,8,0.000358948540150196,0.00539249919787036,2202,8,-0.00851092332379977,0.00922882040410016,-0.00503355065772016,0.00575144773802056,Poids de l'alimentation dans le panier (points de %),Inflation alimentaire
food_weight,cpi_food_main,choc,9,0.250782798394632,0.0948241996132206,2194,8,0.0948108697380563,0.406754727051209,0.155958598781412,0.345606998007853,Poids de l'alimentation dans le panier (points de %),Inflation alimentaire
food_weight,cpi_food_main,choc_x,9,0.00248641424297069,0.00474329595182131,2194,8,-0.00531561330708682,0.0102884417930282,-0.00225688170885062,0.007229710194792,Poids de l'alimentation dans le panier (points de %),Inflation alimentaire
food_weight,cpi_food_main,choc,10,0.231996942711692,0.0971677514581863,2186,8,0.072170214302975,0.391823671120409,0.134829191253506,0.329164694169878,Poids de l'alimentation dans le panier (points de %),Inflation alimentaire
food_weight,cpi_food_main,choc_x,10,0.00187713487836303,0.00395686905780209,2186,8,-0.00463133554273479,0.00838560529946085,-0.00207973417943906,0.00583400393616512,Poids de l'alimentation dans le panier (points de %),Inflation alimentaire
food_weight,cpi_food_main,choc,11,0.26270880046346,0.101950307759666,2178,8,0.0950154669761544,0.430402133950766,0.160758492703794,0.364659108223127,Poids de l'alimentation dans le panier (points de %),Inflation alimentaire
food_weight,cpi_food_main,choc_x,11,0.000708969904418087,0.00400336582207261,2178,8,-0.00587598088803161,0.00729392069686778,-0.00329439591765452,0.0047123357264907,Poids de l'alimentation dans le panier (points de %),Inflation alimentaire
food_weight,cpi_food_main,choc,12,0.349299988637653,0.112421301590438,2170,8,0.164383402970015,0.53421657430529,0.236878687047215,0.461721290228091,Poids de l'alimentation dans le panier (points de %),Inflation alimentaire
food_weight,cpi_food_main,choc_x,12,0.00247046792600121,0.00391084050913411,2170,8,-0.00396229226987677,0.00890322812187918,-0.0014403725831329,0.00638130843513531,Poids de l'alimentation dans le panier (points de %),Inflation alimentaire
food_weight,cpi_food_main,choc,13,0.404484951963783,0.1187111158223,2162,8,0.209222542544016,0.59974736138355,0.285773836141483,0.523196067786084,Poids de l'alimentation dans le panier (points de %),Inflation alimentaire
food_weight,cpi_food_main,choc_x,13,0.00419520466935167,0.00393266143278201,2162,8,-0.00227344775193199,0.0106638570906353,0.000262543236569661,0.00812786610213368,Poids de l'alimentation dans le panier (points de %),Inflation alimentaire
food_weight,cpi_food_main,choc,14,0.424565763221551,0.127178318864935,2154,8,0.215376044166972,0.63375548227613,0.297387444356616,0.551744082086486,Poids de l'alimentation dans le panier (points de %),Inflation alimentaire
food_weight,cpi_food_main,choc_x,14,0.00488310300145061,0.00401672189383473,2154,8,-0.00172381657407882,0.01149002257698,0.000866381107615885,0.00889982489528534,Poids de l'alimentation dans le panier (points de %),Inflation alimentaire
food_weight,cpi_food_main,choc,15,0.486956124832755,0.133169192413601,2146,8,0.267912295693045,0.705999953972465,0.353786932419154,0.620125317246356,Poids de l'alimentation dans le panier (points de %),Inflation alimentaire
food_weight,cpi_food_main,choc_x,15,0.00543637341798115,0.00421548214362277,2146,8,-0.00149747767530592,0.0123702245112682,0.00122089127435838,0.00965185556160391,Poids de l'alimentation dans le panier (points de %),Inflation alimentaire
food_weight,cpi_food_main,choc,16,0.540589433004938,0.125553193862196,2138,8,0.334072806705365,0.747106059304512,0.415036239142743,0.666142626867134,Poids de l'alimentation dans le panier (points de %),Inflation alimentaire
food_weight,cpi_food_main,choc_x,16,0.00580030209896815,0.00421435943509028,2138,8,-0.00113170230311725,0.0127323065010536,0.00158594266387787,0.0100146615340584,Poids de l'alimentation dans le panier (points de %),Inflation alimentaire
food_weight,cpi_food_main,choc,17,0.534480772916405,0.132488867632756,2130,8,0.316555978459973,0.752405567372838,0.401991905283649,0.666969640549162,Poids de l'alimentation dans le panier (points de %),Inflation alimentaire
food_weight,cpi_food_main,choc_x,17,0.0072579575363917,0.0038792032438187,2130,8,0.000877236011114602,0.0136386790616688,0.003378754292573,0.0111371607802104,Poids de l'alimentation dans le panier (points de %),Inflation alimentaire
food_weight,cpi_food_main,choc,18,0.529680161975592,0.13661405824525,2122,8,0.304970032778332,0.754390291172851,0.393066103730341,0.666294220220842,Poids de l'alimentation dans le panier (points de %),Inflation alimentaire
food_weight,cpi_food_main,choc_x,18,0.00538567098653355,0.00469482763304342,2122,8,-0.00233663327358992,0.013107975246657,0.000690843353490126,0.010080498619577,Poids de l'alimentation dans le panier (points de %),Inflation alimentaire
food_weight,cpi_food_main,choc,19,0.560984865196275,0.142900090195032,2114,8,0.325935133547285,0.796034596845266,0.418084775001244,0.703884955391307,Poids de l'alimentation dans le panier (points de %),Inflation alimentaire
food_weight,cpi_food_main,choc_x,19,0.0055879543305549,0.00441799573865854,2114,8,-0.00167900198403375,0.0128549106451435,0.00116995859189636,0.0100059500692134,Poids de l'alimentation dans le panier (points de %),Inflation alimentaire
food_weight,cpi_food_main,choc,20,0.576541080510551,0.140267417219412,2106,8,0.345821710554086,0.807260450467017,0.436273663291139,0.716808497729963,Poids de l'alimentation dans le panier (points de %),Inflation alimentaire
food_weight,cpi_food_main,choc_x,20,0.00485355088051198,0.00412596567373517,2106,8,-0.00193305872260858,0.0116401604836325,0.000727585206776813,0.00897951655424715,Poids de l'alimentation dans le panier (points de %),Inflation alimentaire
food_weight,cpi_food_main,choc,21,0.589006926315215,0.145543445385179,2098,8,0.349609262294391,0.82840459033604,0.443463480930037,0.734550371700394,Poids de l'alimentation dans le panier (points de %),Inflation alimentaire
food_weight,cpi_food_main,choc_x,21,0.00599231360319538,0.00412720270853192,2098,8,-0.000796330741097284,0.012780957947488,0.00186511089466346,0.0101195163117273,Poids de l'alimentation dans le panier (points de %),Inflation alimentaire
food_weight,cpi_food_main,choc,22,0.543180068273047,0.144694491817847,2090,8,0.305178808606561,0.781181327939533,0.398485576455199,0.687874560090894,Poids de l'alimentation dans le panier (points de %),Inflation alimentaire
food_weight,cpi_food_main,choc_x,22,0.00488582826552183,0.00491275271751517,2090,8,-0.00319493086019869,0.0129665873912424,-2.69244519933362e-05,0.009798580983037,Poids de l'alimentation dans le panier (points de %),Inflation alimentaire
food_weight,cpi_food_main,choc,23,0.575557341735742,0.14574594021144,2082,8,0.335826603365503,0.815288080105982,0.429811401524302,0.721303281947182,Poids de l'alimentation dans le panier (points de %),Inflation alimentaire
food_weight,cpi_food_main,choc_x,23,0.00269876769510464,0.00467175818418471,2082,8,-0.00498559069839181,0.0103831260886011,-0.00197299048908007,0.00737052587928935,Poids de l'alimentation dans le panier (points de %),Inflation alimentaire
food_weight,cpi_food_main,choc,24,0.61796844192792,0.130879490064323,2074,8,0.402690838002058,0.833246045853781,0.487088951863596,0.748847931992243,Poids de l'alimentation dans le panier (points de %),Inflation alimentaire
food_weight,cpi_food_main,choc_x,24,0.00283485010864839,0.00417375838191487,2074,8,-0.00403037150386339,0.00970007172116017,-0.00133890827326648,0.00700860849056326,Poids de l'alimentation dans le panier (points de %),Inflation alimentaire
food_weight,cpi_all_main,choc,0,-0.00870170679084426,0.0140915458139144,2266,8,-0.0318802370322142,0.0144768234505257,-0.0227932526047587,0.00538983902307018,Poids de l'alimentation dans le panier (points de %),Inflation totale
food_weight,cpi_all_main,choc_x,0,0.000290556352263456,0.000870991211056307,2266,8,-0.00114209670028537,0.00172320940481228,-0.000580434858792851,0.00116154756331976,Poids de l'alimentation dans le panier (points de %),Inflation totale
food_weight,cpi_all_main,choc,1,-0.0100801325411618,0.0188556845655403,2258,8,-0.0410949736874437,0.0209347086051201,-0.0289358171067021,0.00877555202437856,Poids de l'alimentation dans le panier (points de %),Inflation totale
food_weight,cpi_all_main,choc_x,1,0.000858924765328633,0.00138767019213315,2258,8,-0.00142358958321402,0.00314143911387128,-0.000528745426804513,0.00224659495746178,Poids de l'alimentation dans le panier (points de %),Inflation totale
food_weight,cpi_all_main,choc,2,0.00268981875196232,0.0228827536021839,2250,8,-0.0349489615052268,0.0403285990091514,-0.0201929348502216,0.0255725723541462,Poids de l'alimentation dans le panier (points de %),Inflation totale
food_weight,cpi_all_main,choc_x,2,0.00128440395076902,0.00171813500738707,2250,8,-0.0015416766477239,0.00411048454926193,-0.000433731056618052,0.00300253895815609,Poids de l'alimentation dans le panier (points de %),Inflation totale
food_weight,cpi_all_main,choc,3,0.0155779455398217,0.0250886912144997,2242,8,-0.0256892791998136,0.0568451702794571,-0.00951074567467795,0.0406666367543214,Poids de l'alimentation dans le panier (points de %),Inflation totale
food_weight,cpi_all_main,choc_x,3,0.00124969460686729,0.00187467976139649,2242,8,-0.00183387919803824,0.00433326841177283,-0.000624985154529197,0.00312437436826378,Poids de l'alimentation dans le panier (points de %),Inflation totale
food_weight,cpi_all_main,choc,4,0.0485321932922374,0.0272736427597336,2234,8,0.00367104307871084,0.0933933435057639,0.0212585505325038,0.0758058360519709,Poids de l'alimentation dans le panier (points de %),Inflation totale
food_weight,cpi_all_main,choc_x,4,0.00191503288335332,0.00189209869011626,2234,8,-0.00119719250963453,0.00502725827634118,2.29341932370686e-05,0.00380713157346958,Poids de l'alimentation dans le panier (points de %),Inflation totale
food_weight,cpi_all_main,choc,5,0.0855084598010153,0.0317758010777282,2226,8,0.0332419181490256,0.137775001453005,0.0537326587232871,0.117284260878744,Poids de l'alimentation dans le panier (points de %),Inflation totale
food_weight,cpi_all_main,choc_x,5,0.0028011450709093,0.00212832611911186,2226,8,-0.000699639865447391,0.00630193000726599,0.00067281895179744,0.00492947119002116,Poids de l'alimentation dans le panier (points de %),Inflation totale
food_weight,cpi_all_main,choc,6,0.0971336823703176,0.0398020676485604,2218,8,0.0316651070384153,0.16260225770222,0.0573316147217572,0.136935750018878,Poids de l'alimentation dans le panier (points de %),Inflation totale
food_weight,cpi_all_main,choc_x,6,0.00356000512682698,0.00231278610189777,2218,8,-0.000244189481242519,0.00736419973489647,0.00124721902492921,0.00587279122872474,Poids de l'alimentation dans le panier (points de %),Inflation totale
food_weight,cpi_all_main,choc,7,0.135462926534584,0.0452080592671578,2210,8,0.0611022862815628,0.209823566787606,0.0902548672674266,0.180670985801742,Poids de l'alimentation dans le panier (points de %),Inflation totale
food_weight,cpi_all_main,choc_x,7,0.00330838109676145,0.00229624584214415,2210,8,-0.000468607205061593,0.00708536939858449,0.0010121352546173,0.0056046269389056,Poids de l'alimentation dans le panier (points de %),Inflation totale
food_weight,cpi_all_main,choc,8,0.17015236006368,0.0518506802131532,2202,8,0.0848655806551736,0.255439139472186,0.118301679850526,0.222003040276833,Poids de l'alimentation dans le panier (points de %),Inflation totale
food_weight,cpi_all_main,choc_x,8,0.00247539862340248,0.002402612128135,2202,8,-0.00147654664971797,0.00642734389652294,7.2786495267479e-05,0.00487801075153749,Poids de l'alimentation dans le panier (points de %),Inflation totale
food_weight,cpi_all_main,choc,9,0.182922511207397,0.0552489423175203,2194,8,0.0920460880511911,0.273798934363603,0.127673568889877,0.238171453524917,Poids de l'alimentation dans le panier (points de %),Inflation totale
food_weight,cpi_all_main,choc_x,9,0.00429247616650062,0.00217003180706525,2194,8,0.000723091478049297,0.00786186085495195,0.00212244435943538,0.00646250797356587,Poids de l'alimentation dans le panier (points de %),Inflation totale
food_weight,cpi_all_main,choc,10,0.182255577100958,0.062268519505489,2186,8,0.0798329769474559,0.28467817725446,0.119987057595469,0.244524096606447,Poids de l'alimentation dans le panier (points de %),Inflation totale
food_weight,cpi_all_main,choc_x,10,0.00462257547383595,0.00178384692684802,2186,8,0.00168840838628374,0.00755674256138815,0.00283872854698792,0.00640642240068397,Poids de l'alimentation dans le panier (points de %),Inflation totale
food_weight,cpi_all_main,choc,11,0.201193437986818,0.0637821043526042,2178,8,0.0962812123078395,0.306105663665796,0.137411333634214,0.264975542339422,Poids de l'alimentation dans le panier (points de %),Inflation totale
food_weight,cpi_all_main,choc_x,11,0.00357502861701893,0.00164711208699644,2178,8,0.000865770326727218,0.00628428690731064,0.00192791653002248,0.00522214070401537,Poids de l'alimentation dans le panier (points de %),Inflation totale
food_weight,cpi_all_main,choc,12,0.237850137946073,0.0687192721195887,2170,8,0.124816993958703,0.350883281933444,0.169130865826485,0.306569410065662,Poids de l'alimentation dans le panier (points de %),Inflation totale
food_weight,cpi_all_main,choc_x,12,0.0046643941676549,0.00200691489480645,2170,8,0.00136331292394958,0.00796547541136021,0.00265747927284845,0.00667130906246135,Poids de l'alimentation dans le panier (points de %),Inflation totale
food_weight,cpi_all_main,choc,13,0.26275567958173,0.0716357369672413,2162,8,0.144925377811821,0.380585981351639,0.191119942614489,0.334391416548971,Poids de l'alimentation dans le panier (points de %),Inflation totale
food_weight,cpi_all_main,choc_x,13,0.00523506401299845,0.00190391949743466,2162,8,0.00210339512221942,0.00836673290377747,0.00333114451556379,0.00713898351043311,Poids de l'alimentation dans le panier (points de %),Inflation totale
food_weight,cpi_all_main,choc,14,0.267540878738902,0.0785457045705643,2154,8,0.138344691694551,0.396737065783254,0.188995174168338,0.346086583309467,Poids de l'alimentation dans le panier (points de %),Inflation totale
food_weight,cpi_all_main,choc_x,14,0.00498491534071164,0.0020525145265873,2154,8,0.00160882937728393,0.00836100130413935,0.00293240081412433,0.00703742986729894,Poids de l'alimentation dans le panier (points de %),Inflation totale
food_weight,cpi_all_main,choc,15,0.30581161109201,0.0807099676592186,2146,8,0.173055528056608,0.438567694127412,0.225101643432791,0.386521578751229,Poids de l'alimentation dans le panier (points de %),Inflation totale
food_weight,cpi_all_main,choc_x,15,0.00524719327972866,0.0017072242740264,2146,8,0.00243905924057675,0.00805532731888058,0.00353996900570226,0.00695441755375506,Poids de l'alimentation dans le panier (points de %),Inflation totale
food_weight,cpi_all_main,choc,16,0.326058427035681,0.0760589455495561,2138,8,0.200952594586389,0.451164259484973,0.249999481486125,0.402117372585237,Poids de l'alimentation dans le panier (points de %),Inflation totale
food_weight,cpi_all_main,choc_x,16,0.00555020534549519,0.00180204966321696,2138,8,0.00258609742100609,0.00851431326998429,0.00374815568227822,0.00735225500871215,Poids de l'alimentation dans le panier (points de %),Inflation totale
food_weight,cpi_all_main,choc,17,0.326687029773018,0.0732363003403047,2130,8,0.206224035533761,0.447150024012276,0.253450729432714,0.399923330113323,Poids de l'alimentation dans le panier (points de %),Inflation totale
food_weight,cpi_all_main,choc_x,17,0.00605730858604896,0.00195574319342274,2130,8,0.00284039730096191,0.00927421987113601,0.00410156539262622,0.0080130517794717,Poids de l'alimentation dans le panier (points de %),Inflation totale
food_weight,cpi_all_main,choc,18,0.3185261812794,0.0771388703073518,2122,8,0.191644030675413,0.445408331883387,0.241387310972048,0.395665051586752,Poids de l'alimentation dans le panier (points de %),Inflation totale
food_weight,cpi_all_main,choc_x,18,0.00531697826190049,0.00201176010923474,2122,8,0.00200792734966943,0.00862602917413154,0.00330521815266574,0.00732873837113523,Poids de l'alimentation dans le panier (points de %),Inflation totale
food_weight,cpi_all_main,choc,19,0.326931602453201,0.0801197308072111,2114,8,0.195146372644584,0.458716832261818,0.24681187164599,0.407051333260412,Poids de l'alimentation dans le panier (points de %),Inflation totale
food_weight,cpi_all_main,choc_x,19,0.00531834943694005,0.00215419306281473,2114,8,0.00177501716441555,0.00886168170946455,0.00316415637412532,0.00747254249975477,Poids de l'alimentation dans le panier (points de %),Inflation totale
food_weight,cpi_all_main,choc,20,0.349486357429008,0.0775835939739872,2106,8,0.221872701488965,0.477100013369051,0.271902763455021,0.427069951402995,Poids de l'alimentation dans le panier (points de %),Inflation totale
food_weight,cpi_all_main,choc_x,20,0.00555509170573365,0.00183621945536718,2106,8,0.00253477947469409,0.00857540393677321,0.00371887225036647,0.00739131116110083,Poids de l'alimentation dans le panier (points de %),Inflation totale
food_weight,cpi_all_main,choc,21,0.365652172589662,0.0821812344437089,2098,8,0.230476071047578,0.500828274131746,0.283470938145953,0.447833407033371,Poids de l'alimentation dans le panier (points de %),Inflation totale
food_weight,cpi_all_main,choc_x,21,0.00562852626851286,0.00186787716065608,2098,8,0.00255614174610789,0.00870091079091783,0.00376064910785678,0.00749640342916894,Poids de l'alimentation dans le panier (points de %),Inflation totale
food_weight,cpi_all_main,choc,22,0.353852402003867,0.0831776701568903,2090,8,0.217037309564933,0.490667494442801,0.270674731846976,0.437030072160757,Poids de l'alimentation dans le panier (points de %),Inflation totale
food_weight,cpi_all_main,choc_x,22,0.00593313075773468,0.00203377144191523,2090,8,0.0025878744251101,0.00927838709035927,0.00389935931581946,0.00796690219964991,Poids de l'alimentation dans le panier (points de %),Inflation totale
food_weight,cpi_all_main,choc,23,0.359704914025589,0.0847606650391248,2082,8,0.220286026713166,0.499123801338013,0.274944248986465,0.444465579064714,Poids de l'alimentation dans le panier (points de %),Inflation totale
food_weight,cpi_all_main,choc_x,23,0.0050346857062295,0.00199239140202119,2082,8,0.00175749348230803,0.00831187793015098,0.00304229430420832,0.00702707710825069,Poids de l'alimentation dans le panier (points de %),Inflation totale
food_weight,cpi_all_main,choc,24,0.383623625689417,0.0787918911193484,2074,8,0.254022497807391,0.513224753571443,0.304831734570069,0.462415516808765,Poids de l'alimentation dans le panier (points de %),Inflation totale
food_weight,cpi_all_main,choc_x,24,0.00501650645177069,0.0019024521201844,2074,8,0.00188725118178387,0.00814576172175752,0.0031140543315863,0.00691895857195509,Poids de l'alimentation dans le panier (points de %),Inflation totale
import_dep_0108,cpi_food_main,choc,0,-0.00460568147453822,0.0281719395528453,2266,8,-0.0509443984262935,0.041733035477217,-0.0327776210273836,0.0235662580783071,"Dépendance aux importations céréalières, 2001-2008 (points de %)",Inflation alimentaire
import_dep_0108,cpi_food_main,choc_x,0,0.000358096390316019,0.00104596803719282,2266,8,-0.0013623679293359,0.00207856070996794,-0.000687871646876802,0.00140406442750884,"Dépendance aux importations céréalières, 2001-2008 (points de %)",Inflation alimentaire
import_dep_0108,cpi_food_main,choc,1,0.0167140931637856,0.0415808251491786,2258,8,-0.0516802778944758,0.0851084642220469,-0.024866731985393,0.0582949183129641,"Dépendance aux importations céréalières, 2001-2008 (points de %)",Inflation alimentaire
import_dep_0108,cpi_food_main,choc_x,1,-0.00076340596308083,0.00160185394851456,2258,8,-0.00339822124014153,0.00187140931397987,-0.00236525991159539,0.000838447985433725,"Dépendance aux importations céréalières, 2001-2008 (points de %)",Inflation alimentaire
import_dep_0108,cpi_food_main,choc,2,0.0473537688062007,0.048165405621962,2250,8,-0.0318712733246723,0.126578810937074,-0.00081163681576131,0.0955191744281627,"Dépendance aux importations céréalières, 2001-2008 (points de %)",Inflation alimentaire
import_dep_0108,cpi_food_main,choc_x,2,-0.0013938685675612,0.00198392697832865,2250,8,-0.00465713805347195,0.00186940091834956,-0.00337779554588985,0.000590058410767454,"Dépendance aux importations céréalières, 2001-2008 (points de %)",Inflation alimentaire
import_dep_0108,cpi_food_main,choc,3,0.0771327703821894,0.0521555976946691,2242,8,-0.00865555365170884,0.162921094416088,0.0249771726875203,0.129288368076858,"Dépendance aux importations céréalières, 2001-2008 (points de %)",Inflation alimentaire
import_dep_0108,cpi_food_main,choc_x,3,-0.000910303657970431,0.00235590390902928,2242,8,-0.0047854207474864,0.00296481343154554,-0.00326620756699972,0.00144560025105885,"Dépendance aux importations céréalières, 2001-2008 (points de %)",Inflation alimentaire
import_dep_0108,cpi_food_main,choc,4,0.118020379407083,0.0542795096650397,2234,8,0.0287385310653952,0.207302227748771,0.0637408697420435,0.172299889072123,"Dépendance aux importations céréalières, 2001-2008 (points de %)",Inflation alimentaire
import_dep_0108,cpi_food_main,choc_x,4,-0.00127323645763169,0.00256545330944169,2234,8,-0.00549303163844151,0.00294655872317813,-0.00383868976707338,0.00129221685181,"Dépendance aux importations céréalières, 2001-2008 (points de %)",Inflation alimentaire
import_dep_0108,cpi_food_main,choc,5,0.186963791032071,0.0665823252324363,2226,8,0.0774456118826357,0.296481970181506,0.120381465799635,0.253546116264507,"Dépendance aux importations céréalières, 2001-2008 (points de %)",Inflation alimentaire
import_dep_0108,cpi_food_main,choc_x,5,-0.000478667234226304,0.0025446103016311,2226,8,-0.00466417871804229,0.00370684424958968,-0.0030232775358574,0.00206594306740479,"Dépendance aux importations céréalières, 2001-2008 (points de %)",Inflation alimentaire
import_dep_0108,cpi_food_main,choc,6,0.165280173927821,0.0734615146663561,2218,8,0.0444467350875165,0.286113612768126,0.091818659261465,0.238741688594177,"Dépendance aux importations céréalières, 2001-2008 (points de %)",Inflation alimentaire
import_dep_0108,cpi_food_main,choc_x,6,-0.000443246714983205,0.00279797272094931,2218,8,-0.00504550229314796,0.00415900886318155,-0.00324121943593252,0.00235472600596611,"Dépendance aux importations céréalières, 2001-2008 (points de %)",Inflation alimentaire
import_dep_0108,cpi_food_main,choc,7,0.242762090091892,0.0846092988812168,2210,8,0.103592177953301,0.381932002230482,0.158152791210675,0.327371388973109,"Dépendance aux importations céréalières, 2001-2008 (points de %)",Inflation alimentaire
import_dep_0108,cpi_food_main,choc_x,7,-0.00107746140626602,0.0029463300918932,2210,8,-0.00592374314411282,0.00376882033158077,-0.00402379149815923,0.00186886868562718,"Dépendance aux importations céréalières, 2001-2008 (points de %)",Inflation alimentaire
import_dep_0108,cpi_food_main,choc,8,0.274561534949815,0.0919022438940555,2202,8,0.123395795755699,0.425727274143931,0.18265929105576,0.366463778843871,"Dépendance aux importations céréalières, 2001-2008 (points de %)",Inflation alimentaire
import_dep_0108,cpi_food_main,choc_x,8,-0.00010910315209092,0.00313956743111733,2202,8,-0.00527323202822297,0.00505502572404113,-0.00324867058320825,0.00303046427902641,"Dépendance aux importations céréalières, 2001-2008 (points de %)",Inflation alimentaire
import_dep_0108,cpi_food_main,choc,9,0.250975250424777,0.0950772024305276,2194,8,0.0945871691665244,0.40736333168303,0.155898047994249,0.346052452855305,"Dépendance aux importations céréalières, 2001-2008 (points de %)",Inflation alimentaire
import_dep_0108,cpi_food_main,choc_x,9,0.000534479560192068,0.00322519418981031,2194,8,-0.00477049280054024,0.00583945192092437,-0.00269071462961825,0.00375967375000238,"Dépendance aux importations céréalières, 2001-2008 (points de %)",Inflation alimentaire
import_dep_0108,cpi_food_main,choc,10,0.232637102642769,0.0975356746300011,2186,8,0.0722051944704528,0.393069010815085,0.135101428012768,0.33017277727277,"Dépendance aux importations céréalières, 2001-2008 (points de %)",Inflation alimentaire
import_dep_0108,cpi_food_main,choc_x,10,0.00124496773888988,0.00296488782815652,2186,8,-0.00363183875875764,0.00612177423653739,-0.00171992008926664,0.00420985556704639,"Dépendance aux importations céréalières, 2001-2008 (points de %)",Inflation alimentaire
import_dep_0108,cpi_food_main,choc,11,0.263883921094304,0.102507688001863,2178,8,0.0952737786940309,0.432494063494578,0.161376233092442,0.366391609096167,"Dépendance aux importations céréalières, 2001-2008 (points de %)",Inflation alimentaire
import_dep_0108,cpi_food_main,choc_x,11,0.00131512941775272,0.00305487818092092,2178,8,-0.00370969803802997,0.00633995687353541,-0.0017397487631682,0.00437000759867364,"Dépendance aux importations céréalières, 2001-2008 (points de %)",Inflation alimentaire
import_dep_0108,cpi_food_main,choc,12,0.350101016243683,0.112849798855181,2170,8,0.164479615295994,0.535722417191372,0.237251217388502,0.462950815098864,"Dépendance aux importations céréalières, 2001-2008 (points de %)",Inflation alimentaire
import_dep_0108,cpi_food_main,choc_x,12,0.000304186782764768,0.00328622321627367,2170,8,-0.00510116939349512,0.00570954295902465,-0.00298203643350891,0.00359040999903844,"Dépendance aux importations céréalières, 2001-2008 (points de %)",Inflation alimentaire
import_dep_0108,cpi_food_main,choc,13,0.405245414793119,0.119341127763966,2162,8,0.208946727946081,0.601544101640157,0.285904287029153,0.524586542557084,"Dépendance aux importations céréalières, 2001-2008 (points de %)",Inflation alimentaire
import_dep_0108,cpi_food_main,choc_x,13,-0.000495579219772602,0.00323762724406378,2162,8,-0.00582100213488781,0.00482984369534261,-0.00373320646383638,0.00274204802429118,"Dépendance aux importations céréalières, 2001-2008 (points de %)",Inflation alimentaire
import_dep_0108,cpi_food_main,choc,14,0.425657336086102,0.128102910635729,2154,8,0.214946798903882,0.636367873268322,0.297554425450373,0.553760246721831,"Dépendance aux importations céréalières, 2001-2008 (points de %)",Inflation alimentaire
import_dep_0108,cpi_food_main,choc_x,14,-0.000551378679940484,0.00314150774757528,2154,8,-0.00571869909263583,0.00461594173275487,-0.00369288642751577,0.0025901290676348,"Dépendance aux importations céréalières, 2001-2008 (points de %)",Inflation alimentaire
import_dep_0108,cpi_food_main,choc,15,0.488160872813858,0.134246337337474,2146,8,0.267345297939363,0.708976447688352,0.353914535476384,0.622407210151331,"Dépendance aux importations céréalières, 2001-2008 (points de %)",Inflation alimentaire
import_dep_0108,cpi_food_main,choc_x,15,-0.00204959795865373,0.0029130330156312,2146,8,-0.00684111087984409,0.00274191496253663,-0.00496263097428493,0.000863435056977471,"Dépendance aux importations céréalières, 2001-2008 (points de %)",Inflation alimentaire
import_dep_0108,cpi_food_main,choc,16,0.542029948119214,0.126587332637527,2138,8,0.333812314904265,0.750247581334163,0.415442615481687,0.668617280756741,"Dépendance aux importations céréalières, 2001-2008 (points de %)",Inflation alimentaire
import_dep_0108,cpi_food_main,choc_x,16,-0.0023444687909034,0.00276065402342247,2138,8,-0.00688534057408802,0.00219640299228122,-0.00510512281432587,0.000416185232519065,"Dépendance aux importations céréalières, 2001-2008 (points de %)",Inflation alimentaire
import_dep_0108,cpi_food_main,choc,17,0.535687074274371,0.133455246230468,2130,8,0.316172728476484,0.755201420072258,0.402231828043903,0.669142320504839,"Dépendance aux importations céréalières, 2001-2008 (points de %)",Inflation alimentaire
import_dep_0108,cpi_food_main,choc_x,17,-0.00343099169623388,0.00267534756871868,2130,8,-0.00783154684799661,0.000969563455528846,-0.00610633926495256,-0.000755644127515198,"Dépendance aux importations céréalières, 2001-2008 (points de %)",Inflation alimentaire
import_dep_0108,cpi_food_main,choc,18,0.532071335592748,0.137368122375628,2122,8,0.306120881275683,0.758021789909813,0.39470321321712,0.669439457968375,"Dépendance aux importations céréalières, 2001-2008 (points de %)",Inflation alimentaire
import_dep_0108,cpi_food_main,choc_x,18,-0.00359387566395537,0.00293069514177981,2122,8,-0.00841444019740094,0.0012266888694902,-0.00652457080573518,-0.000663180522175563,"Dépendance aux importations céréalières, 2001-2008 (points de %)",Inflation alimentaire
import_dep_0108,cpi_food_main,choc,19,0.564138637364952,0.143753335012482,2114,8,0.327685442883302,0.800591831846603,0.420385302352471,0.707891972377434,"Dépendance aux importations céréalières, 2001-2008 (points de %)",Inflation alimentaire
import_dep_0108,cpi_food_main,choc_x,19,-0.00431138314429122,0.00290996977775551,2114,8,-0.00909785748755154,0.000475091198969099,-0.00722135292204673,-0.00140141336653571,"Dépendance aux importations céréalières, 2001-2008 (points de %)",Inflation alimentaire
import_dep_0108,cpi_food_main,choc,20,0.580101791360004,0.141341737220563,2106,8,0.347615322253138,0.812588260466869,0.43876005413944,0.721443528580567,"Dépendance aux importations céréalières, 2001-2008 (points de %)",Inflation alimentaire
import_dep_0108,cpi_food_main,choc_x,20,-0.00481688973410528,0.00284046336457258,2106,8,-0.00948903620154527,-0.000144743266665282,-0.00765735309867786,-0.00197642636953269,"Dépendance aux importations céréalières, 2001-2008 (points de %)",Inflation alimentaire
import_dep_0108,cpi_food_main,choc,21,0.593177604609552,0.145976788041682,2098,8,0.353067155348465,0.833288053870639,0.44720081656787,0.739154392651234,"Dépendance aux importations céréalières, 2001-2008 (points de %)",Inflation alimentaire
import_dep_0108,cpi_food_main,choc_x,21,-0.00542563855705743,0.00282671012192615,2098,8,-0.0100751629534481,-0.000776114160666758,-0.00825234867898358,-0.00259892843513127,"Dépendance aux importations céréalières, 2001-2008 (points de %)",Inflation alimentaire
import_dep_0108,cpi_food_main,choc,22,0.547417297722434,0.144815435012915,2090,8,0.309217104202886,0.785617491241981,0.402601862709519,0.692232732735348,"Dépendance aux importations céréalières, 2001-2008 (points de %)",Inflation alimentaire
import_dep_0108,cpi_food_main,choc_x,22,-0.00644847116066867,0.0024790935667412,2090,8,-0.010526217205475,-0.00237072511586235,-0.00892756472740987,-0.00396937759392747,"Dépendance aux importations céréalières, 2001-2008 (points de %)",Inflation alimentaire
import_dep_0108,cpi_food_main,choc,23,0.579787282985365,0.145521640184705,2082,8,0.340425485327626,0.819149080643105,0.43426564280066,0.725308923170071,"Dépendance aux importations céréalières, 2001-2008 (points de %)",Inflation alimentaire
import_dep_0108,cpi_food_main,choc_x,23,-0.00587582067225497,0.00273627359369639,2082,8,-0.010376590217178,-0.00137505112733193,-0.00861209426595136,-0.00313954707855858,"Dépendance aux importations céréalières, 2001-2008 (points de %)",Inflation alimentaire
import_dep_0108,cpi_food_main,choc,24,0.62280285240988,0.130480903632194,2074,8,0.40818086482256,0.837424839997199,0.492321948777686,0.753283756042073,"Dépendance aux importations céréalières, 2001-2008 (points de %)",Inflation alimentaire
import_dep_0108,cpi_food_main,choc_x,24,-0.00409130162753829,0.0031862040771466,2074,8,-0.00933214096004045,0.00114953770496386,-0.0072775057046849,-0.000905097550391694,"Dépendance aux importations céréalières, 2001-2008 (points de %)",Inflation alimentaire
import_dep_0108,cpi_all_main,choc,0,-0.00856787817716544,0.0140394978872759,2266,8,-0.0316607971976287,0.0145250408432978,-0.0226073760644413,0.00547161971011044,"Dépendance aux importations céréalières, 2001-2008 (points de %)",Inflation totale
import_dep_0108,cpi_all_main,choc_x,0,-6.34093931343504e-05,0.000449170315683134,2266,8,-0.000802228816004691,0.00067541002973599,-0.000512579708817484,0.000385760922548784,"Dépendance aux importations céréalières, 2001-2008 (points de %)",Inflation totale
import_dep_0108,cpi_all_main,choc,1,-0.00997236104798266,0.0187314881049119,2258,8,-0.0407829171955453,0.02083819509958,-0.0287038491528945,0.0087591270569292,"Dépendance aux importations céréalières, 2001-2008 (points de %)",Inflation totale
import_dep_0108,cpi_all_main,choc_x,1,-0.000415876334431234,0.00070332313362939,2258,8,-0.00157273994170041,0.000740987272837943,-0.00111919946806062,0.000287446799198156,"Dépendance aux importations céréalières, 2001-2008 (points de %)",Inflation totale
import_dep_0108,cpi_all_main,choc,2,0.00273593257657607,0.0226966655095607,2250,8,-0.0345967600065292,0.0400686251596813,-0.0199607329329846,0.0254325980861368,"Dépendance aux importations céréalières, 2001-2008 (points de %)",Inflation totale
import_dep_0108,cpi_all_main,choc_x,2,-0.00111144383840307,0.000899000315026105,2250,8,-0.00259016776720427,0.000367280090398138,-0.00201044415342917,-0.000212443523376961,"Dépendance aux importations céréalières, 2001-2008 (points de %)",Inflation totale
import_dep_0108,cpi_all_main,choc,3,0.015901804842836,0.0249859360682399,2242,8,-0.025196402721786,0.057000012407458,-0.00908413122540394,0.0408877409110759,"Dépendance aux importations céréalières, 2001-2008 (points de %)",Inflation totale
import_dep_0108,cpi_all_main,choc_x,3,-0.00117208145702932,0.00103814998676804,2242,8,-0.00287968622808435,0.000535523314025706,-0.00221023144379736,-0.000133931470261285,"Dépendance aux importations céréalières, 2001-2008 (points de %)",Inflation totale
import_dep_0108,cpi_all_main,choc,4,0.0486005423216459,0.0273172255299493,2234,8,0.00366770483045747,0.0935333798128344,0.0212833167916966,0.0759177678515952,"Dépendance aux importations céréalières, 2001-2008 (points de %)",Inflation totale
import_dep_0108,cpi_all_main,choc_x,4,-0.00116110344345786,0.0011505705620342,2234,8,-0.00305362360548341,0.000731416718567685,-0.00231167400549206,-1.05328814236614e-05,"Dépendance aux importations céréalières, 2001-2008 (points de %)",Inflation totale
import_dep_0108,cpi_all_main,choc,5,0.0854755101808863,0.0319784669095517,2226,8,0.0328756129003625,0.13807540746141,0.0534970432713346,0.117453977090438,"Dépendance aux importations céréalières, 2001-2008 (points de %)",Inflation totale
import_dep_0108,cpi_all_main,choc_x,5,-0.000651948671952712,0.00117872119316096,2226,8,-0.00259077250168808,0.00128687515778266,-0.00183066986511367,0.000526772521208248,"Dépendance aux importations céréalières, 2001-2008 (points de %)",Inflation totale
import_dep_0108,cpi_all_main,choc,6,0.0972181341845172,0.0401574647171177,2218,8,0.0311649826953905,0.163271285673644,0.0570606694673995,0.137375598901635,"Dépendance aux importations céréalières, 2001-2008 (points de %)",Inflation totale
import_dep_0108,cpi_all_main,choc_x,6,-0.000328750846994908,0.00136042894317976,2218,8,-0.0025664573283939,0.00190895563440408,-0.00168917979017467,0.00103167809618485,"Dépendance aux importations céréalières, 2001-2008 (points de %)",Inflation totale
import_dep_0108,cpi_all_main,choc,7,0.135417200440093,0.0455903129110698,2210,8,0.0604278088944671,0.210406591985719,0.089826887529023,0.181007513351163,"Dépendance aux importations céréalières, 2001-2008 (points de %)",Inflation totale
import_dep_0108,cpi_all_main,choc_x,7,-0.000853416916400644,0.00134818172204755,2210,8,-0.00307097851170023,0.00136414467889895,-0.00220159863844819,0.000494764805646904,"Dépendance aux importations céréalières, 2001-2008 (points de %)",Inflation totale
import_dep_0108,cpi_all_main,choc,8,0.170262307223909,0.0521539784007386,2202,8,0.0844766466915051,0.256047967756312,0.11810832882317,0.222416285624647,"Dépendance aux importations céréalières, 2001-2008 (points de %)",Inflation totale
import_dep_0108,cpi_all_main,choc_x,8,-0.000323172960554923,0.00139125640489225,2202,8,-0.00261158610416141,0.00196524018305156,-0.00171442936544717,0.00106808344433733,"Dépendance aux importations céréalières, 2001-2008 (points de %)",Inflation totale
import_dep_0108,cpi_all_main,choc,9,0.18275985492179,0.0555248332738549,2194,8,0.0914296315254138,0.274090078318166,0.127235021647935,0.238284688195645,"Dépendance aux importations céréalières, 2001-2008 (points de %)",Inflation totale
import_dep_0108,cpi_all_main,choc_x,9,-5.18230645630424e-06,0.00139113631634127,2194,8,-0.00229339792197415,0.00228303330906154,-0.00139631862279757,0.00138595400988496,"Dépendance aux importations céréalières, 2001-2008 (points de %)",Inflation totale
import_dep_0108,cpi_all_main,choc,10,0.182041007532472,0.0625401410255238,2186,8,0.0791716297365823,0.284910385328361,0.119500866506948,0.244581148557995,"Dépendance aux importations céréalières, 2001-2008 (points de %)",Inflation totale
import_dep_0108,cpi_all_main,choc_x,10,0.000391687114503092,0.00130882720193365,2186,8,-0.00176114205565021,0.0025445162846564,-0.000917140087430556,0.00170051431643674,"Dépendance aux importations céréalières, 2001-2008 (points de %)",Inflation totale
import_dep_0108,cpi_all_main,choc,11,0.201226079129197,0.0641314162890693,2178,8,0.0957392864445864,0.306712871813807,0.137094662840127,0.265357495418266,"Dépendance aux importations céréalières, 2001-2008 (points de %)",Inflation totale
import_dep_0108,cpi_all_main,choc_x,11,0.000709016087326536,0.00135351810790785,2178,8,-0.00151732308161018,0.00293535525626325,-0.000644502020581309,0.00206253419523438,"Dépendance aux importations céréalières, 2001-2008 (points de %)",Inflation totale
import_dep_0108,cpi_all_main,choc,12,0.237583471175655,0.0691273564757711,2170,8,0.123879088154916,0.351287854196395,0.168456114699884,0.306710827651427,"Dépendance aux importations céréalières, 2001-2008 (points de %)",Inflation totale
import_dep_0108,cpi_all_main,choc_x,12,0.000258446059952379,0.00141001549222251,2170,8,-0.00206082303648758,0.00257771515639234,-0.00115156943227013,0.00166846155217489,"Dépendance aux importations céréalières, 2001-2008 (points de %)",Inflation totale
import_dep_0108,cpi_all_main,choc,13,0.262509789186831,0.0721290241989977,2162,8,0.143868102124639,0.381151476249023,0.190380764987834,0.334638813385829,"Dépendance aux importations céréalières, 2001-2008 (points de %)",Inflation totale
import_dep_0108,cpi_all_main,choc_x,13,-7.51988348275434e-05,0.00138914940118656,2162,8,-0.00236014626574671,0.00220974859609163,-0.0014643482360141,0.00131395056635901,"Dépendance aux importations céréalières, 2001-2008 (points de %)",Inflation totale
import_dep_0108,cpi_all_main,choc,14,0.267346819015524,0.079196604853001,2154,8,0.137079996280823,0.397613641750225,0.188150214162523,0.346543423868525,"Dépendance aux importations céréalières, 2001-2008 (points de %)",Inflation totale
import_dep_0108,cpi_all_main,choc_x,14,1.73635296769073e-05,0.00132590580606301,2154,8,-0.00216355744442185,0.00219828450377566,-0.0013085422763861,0.00134326933573992,"Dépendance aux importations céréalières, 2001-2008 (points de %)",Inflation totale
import_dep_0108,cpi_all_main,choc,15,0.305651945868187,0.0814250127103712,2146,8,0.171719718386963,0.439584173349411,0.224226933157816,0.387076958578558,"Dépendance aux importations céréalières, 2001-2008 (points de %)",Inflation totale
import_dep_0108,cpi_all_main,choc_x,15,-0.000894238609678181,0.00123121247351408,2146,8,-0.00291940291228571,0.00113092569292935,-0.00212545108319226,0.000336973863835899,"Dépendance aux importations céréalières, 2001-2008 (points de %)",Inflation totale
import_dep_0108,cpi_all_main,choc,16,0.326014820233439,0.0766771043393832,2138,8,0.199892207056668,0.45213743341021,0.249337715894056,0.402691924572822,"Dépendance aux importations céréalières, 2001-2008 (points de %)",Inflation totale
import_dep_0108,cpi_all_main,choc_x,16,-0.00118667961771674,0.00117745331583107,2138,8,-0.00312341797482751,0.000750058739394038,-0.00236413293354781,-9.22630188566489e-06,"Dépendance aux importations céréalières, 2001-2008 (points de %)",Inflation totale
import_dep_0108,cpi_all_main,choc,17,0.326499178668422,0.0737759450295788,2130,8,0.205148547904747,0.447849809432097,0.252723233638843,0.400275123698001,"Dépendance aux importations céréalières, 2001-2008 (points de %)",Inflation totale
import_dep_0108,cpi_all_main,choc_x,17,-0.00175477614969329,0.00120445384186431,2130,8,-0.00373592641997944,0.000226374120592863,-0.0029592299915576,-0.000550322307828974,"Dépendance aux importations céréalières, 2001-2008 (points de %)",Inflation totale
import_dep_0108,cpi_all_main,choc,18,0.31899690904044,0.0774533596290702,2122,8,0.191597469534987,0.446396348545892,0.241543549411369,0.39645026866951,"Dépendance aux importations céréalières, 2001-2008 (points de %)",Inflation totale
import_dep_0108,cpi_all_main,choc_x,18,-0.00163894174840544,0.00125740840884836,2122,8,-0.00370719453025894,0.00042931103344807,-0.0028963501572538,-0.000381533339557075,"Dépendance aux importations céréalières, 2001-2008 (points de %)",Inflation totale
import_dep_0108,cpi_all_main,choc,19,0.327877567359541,0.0803114943637083,2114,8,0.195776914569502,0.459978220149579,0.247566072995832,0.408189061723249,"Dépendance aux importations céréalières, 2001-2008 (points de %)",Inflation totale
import_dep_0108,cpi_all_main,choc_x,19,-0.00199651223076498,0.00121848835291852,2114,8,-0.00400074721746113,7.7227559311774e-06,-0.0032150005836835,-0.000778023877846455,"Dépendance aux importations céréalières, 2001-2008 (points de %)",Inflation totale
import_dep_0108,cpi_all_main,choc,20,0.350655556557302,0.0776766190096985,2106,8,0.222888888049872,0.478422225064732,0.272978937547603,0.428332175567,"Dépendance aux importations céréalières, 2001-2008 (points de %)",Inflation totale
import_dep_0108,cpi_all_main,choc_x,20,-0.00221780769142493,0.00119757538240065,2106,8,-0.00418764390271444,-0.000247971480135426,-0.00341538307382558,-0.00102023230902428,"Dépendance aux importations céréalières, 2001-2008 (points de %)",Inflation totale
import_dep_0108,cpi_all_main,choc,21,0.367250258435496,0.0820159428421682,2098,8,0.232346037383711,0.502154479487281,0.285234315593328,0.449266201277664,"Dépendance aux importations céréalières, 2001-2008 (points de %)",Inflation totale
import_dep_0108,cpi_all_main,choc_x,21,-0.00225447684407688,0.00118654522192728,2098,8,-0.00420617005590591,-0.000302783632247853,-0.00344102206600416,-0.0010679316221496,"Dépendance aux importations céréalières, 2001-2008 (points de %)",Inflation totale
import_dep_0108,cpi_all_main,choc,22,0.355210114076341,0.0828847692355821,2090,8,0.218876800780158,0.491543427372524,0.272325344840759,0.438094883311923,"Dépendance aux importations céréalières, 2001-2008 (points de %)",Inflation totale
import_dep_0108,cpi_all_main,choc_x,22,-0.00276699943396744,0.00107796952362462,2090,8,-0.00454010151464455,-0.000993897353290328,-0.00384496895759206,-0.00168902991034282,"Dépendance aux importations céréalières, 2001-2008 (points de %)",Inflation totale
import_dep_0108,cpi_all_main,choc,23,0.36092715269298,0.0844385180482157,2082,8,0.222038150026965,0.499816155358995,0.276488634644764,0.445365670741196,"Dépendance aux importations céréalières, 2001-2008 (points de %)",Inflation totale
import_dep_0108,cpi_all_main,choc_x,23,-0.0022265237272374,0.00110057978674946,2082,8,-0.00403681638122173,-0.000416231073253078,-0.00332710351398686,-0.00112594394048794,"Dépendance aux importations céréalières, 2001-2008 (points de %)",Inflation totale
import_dep_0108,cpi_all_main,choc,24,0.384946417565737,0.0784529402299598,2074,8,0.255902814283481,0.513990020847994,0.306493477335778,0.463399357795697,"Dépendance aux importations céréalières, 2001-2008 (points de %)",Inflation totale
import_dep_0108,cpi_all_main,choc_x,24,-0.00145219868337508,0.0013375181024161,2074,8,-0.00365222018524745,0.000747822818497301,-0.00278971678579118,-0.000114680580958973,"Dépendance aux importations céréalières, 2001-2008 (points de %)",Inflation totale
coastal,cpi_food_main,choc,0,-0.00464564796845514,0.028152520717132,2266,8,-0.0509524237778562,0.0416611278409459,-0.0327981686855872,0.0235068727486769,Pays côtier (1) ou enclavé (0),Inflation alimentaire
coastal,cpi_food_main,choc_x,0,-0.065786972281924,0.0420573656273627,2266,8,-0.134965182674116,0.00339123811026777,-0.107844337909287,-0.0237296066545612,Pays côtier (1) ou enclavé (0),Inflation alimentaire
coastal,cpi_food_main,choc,1,0.0164445537319229,0.0414963421467562,2258,8,-0.0518108551533882,0.084699962617234,-0.0250517884148333,0.057940895878679,Pays côtier (1) ou enclavé (0),Inflation alimentaire
coastal,cpi_food_main,choc_x,1,-0.10703994888441,0.0637169160828257,2258,8,-0.211844949401409,-0.00223494836741177,-0.170756864967236,-0.0433230328015845,Pays côtier (1) ou enclavé (0),Inflation alimentaire
coastal,cpi_food_main,choc,2,0.047238200437218,0.0481469637985764,2250,8,-0.0319565075935715,0.126432908468008,-0.000908763361358374,0.0953851642357943,Pays côtier (1) ou enclavé (0),Inflation alimentaire
coastal,cpi_food_main,choc_x,2,-0.0762682825087638,0.0762440071221436,2250,8,-0.201678514156935,0.049141949139408,-0.152512289630907,-2.42753866201567e-05,Pays côtier (1) ou enclavé (0),Inflation alimentaire
coastal,cpi_food_main,choc,3,0.0771440820122681,0.0521079467127452,2242,8,-0.00856586313118482,0.162854027155721,0.0250361352995229,0.129252028725013,Pays côtier (1) ou enclavé (0),Inflation alimentaire
coastal,cpi_food_main,choc_x,3,-0.0360274004162139,0.0878749567640581,2242,8,-0.180568841767779,0.108514040935351,-0.123902357180272,0.0518475563478441,Pays côtier (1) ou enclavé (0),Inflation alimentaire
coastal,cpi_food_main,choc,4,0.118043988639129,0.0541843289626585,2234,8,0.0289186986209682,0.207169278657289,0.0638596596764702,0.172228317601787,Pays côtier (1) ou enclavé (0),Inflation alimentaire
coastal,cpi_food_main,choc_x,4,-0.0384949020760357,0.0954385472574973,2234,8,-0.195477342683509,0.118487538531438,-0.133933449333533,0.0569436451814616,Pays côtier (1) ou enclavé (0),Inflation alimentaire
coastal,cpi_food_main,choc,5,0.18708316579151,0.0663986517924696,2226,8,0.0778671025659785,0.296299229017041,0.12068451399904,0.253481817583979,Pays côtier (1) ou enclavé (0),Inflation alimentaire
coastal,cpi_food_main,choc_x,5,-0.0138260129480281,0.103278894574971,2226,8,-0.183704677277208,0.156052651381152,-0.117104907522999,0.0894528816269433,Pays côtier (1) ou enclavé (0),Inflation alimentaire
coastal,cpi_food_main,choc,6,0.165153005540411,0.0731674459396174,2218,8,0.0448032667118561,0.285502744368967,0.0919855596007941,0.238320451480029,Pays côtier (1) ou enclavé (0),Inflation alimentaire
coastal,cpi_food_main,choc_x,6,-0.0856883750489421,0.111659741176256,2218,8,-0.26935230530717,0.0979755552092854,-0.197348116225198,0.0259713661273141,Pays côtier (1) ou enclavé (0),Inflation alimentaire
coastal,cpi_food_main,choc,7,0.242463696605254,0.0841813310961331,2210,8,0.103997728830177,0.380929664380331,0.158282365509121,0.326645027701387,Pays côtier (1) ou enclavé (0),Inflation alimentaire
coastal,cpi_food_main,choc_x,7,-0.1060978955918,0.10991688469147,2210,8,-0.286895082039771,0.0746992908561705,-0.21601478028327,0.00381898909966946,Pays côtier (1) ou enclavé (0),Inflation alimentaire
coastal,cpi_food_main,choc,8,0.274355915533424,0.0916089761771404,2202,8,0.123672558807144,0.425039272259705,0.182746939356284,0.365964891710565,Pays côtier (1) ou enclavé (0),Inflation alimentaire
coastal,cpi_food_main,choc_x,8,-0.057802034407807,0.110878280570917,2202,8,-0.240180576355023,0.124576507539409,-0.168680314978724,0.05307624616311,Pays côtier (1) ou enclavé (0),Inflation alimentaire
coastal,cpi_food_main,choc,9,0.250663211108066,0.0948110783732317,2194,8,0.0947128649706758,0.406613557245457,0.155852132734835,0.345474289481298,Pays côtier (1) ou enclavé (0),Inflation alimentaire
coastal,cpi_food_main,choc_x,9,-0.0649303101560319,0.107615795353554,2194,8,-0.241942541460592,0.112081921148528,-0.172546105509586,0.0426854851975218,Pays côtier (1) ou enclavé (0),Inflation alimentaire
coastal,cpi_food_main,choc,10,0.23217619800062,0.0972196440531713,2186,8,0.0722641138688298,0.39208828213241,0.134956553947448,0.329395842053791,Pays côtier (1) ou enclavé (0),Inflation alimentaire
coastal,cpi_food_main,choc_x,10,-0.0258157959793148,0.0854954886650507,2186,8,-0.166443360598012,0.114811768639382,-0.111311284644366,0.059679692685736,Pays côtier (1) ou enclavé (0),Inflation alimentaire
coastal,cpi_food_main,choc,11,0.26314608678135,0.102101803899105,2178,8,0.095203564319619,0.43108860924308,0.161044282882245,0.365247890680454,Pays côtier (1) ou enclavé (0),Inflation alimentaire
coastal,cpi_food_main,choc_x,11,-0.0110247847052957,0.0796384530862388,2178,8,-0.142018383109,0.119968813698409,-0.0906632377915344,0.0686136683809431,Pays côtier (1) ou enclavé (0),Inflation alimentaire
coastal,cpi_food_main,choc,12,0.349157323297984,0.112366524559701,2170,8,0.164330837828028,0.53398380876794,0.236790798738283,0.461523847857685,Pays côtier (1) ou enclavé (0),Inflation alimentaire
coastal,cpi_food_main,choc_x,12,-0.0252118006927259,0.0878292447501058,2170,8,-0.169678052472346,0.119254451086894,-0.113041045442832,0.0626174440573799,Pays côtier (1) ou enclavé (0),Inflation alimentaire
coastal,cpi_food_main,choc,13,0.404152412208861,0.11877550289527,2162,8,0.20878409547859,0.599520728939131,0.28537690931359,0.522927915104131,Pays côtier (1) ou enclavé (0),Inflation alimentaire
coastal,cpi_food_main,choc_x,13,-0.0623221127329562,0.079345798371099,2162,8,-0.192834336967018,0.0681901115011062,-0.141667911104055,0.0170236856381428,Pays côtier (1) ou enclavé (0),Inflation alimentaire
coastal,cpi_food_main,choc,14,0.424604133768585,0.127466384860272,2154,8,0.214940588316774,0.634267679220396,0.297137748908313,0.552070518628857,Pays côtier (1) ou enclavé (0),Inflation alimentaire
coastal,cpi_food_main,choc_x,14,-0.017401741871657,0.0737582310311019,2154,8,-0.13872323570069,0.103919751957376,-0.0911599729027589,0.056356489159445,Pays côtier (1) ou enclavé (0),Inflation alimentaire
coastal,cpi_food_main,choc,15,0.486996597018274,0.133498579841419,2146,8,0.267410973773246,0.706582220263302,0.353498017176855,0.620495176859692,Pays côtier (1) ou enclavé (0),Inflation alimentaire
coastal,cpi_food_main,choc_x,15,-0.0600861127101082,0.0784422385273778,2146,8,-0.189112113258058,0.0689398878378417,-0.138528351237486,0.0183561258172696,Pays côtier (1) ou enclavé (0),Inflation alimentaire
coastal,cpi_food_main,choc,16,0.540848742258662,0.125874083803476,2138,8,0.333804298975321,0.747893185542004,0.414974658455186,0.666722826062139,Pays côtier (1) ou enclavé (0),Inflation alimentaire
coastal,cpi_food_main,choc_x,16,-0.0922725104282289,0.0860899416597338,2138,8,-0.233877863211283,0.0493328423548249,-0.178362452087963,-0.00618256876849507,Pays côtier (1) ou enclavé (0),Inflation alimentaire
coastal,cpi_food_main,choc,17,0.534099262011464,0.13280107043336,2130,8,0.315660939646114,0.752537584376815,0.401298191578104,0.666900332444824,Pays côtier (1) ou enclavé (0),Inflation alimentaire
coastal,cpi_food_main,choc_x,17,-0.17677498075353,0.0827246929811581,2130,8,-0.312844992042035,-0.0407049694650255,-0.259499673734689,-0.0940502877723723,Pays côtier (1) ou enclavé (0),Inflation alimentaire
coastal,cpi_food_main,choc,18,0.530101906680852,0.13679187257344,2122,8,0.305099298940946,0.755104514420757,0.393310034107412,0.666893779254291,Pays côtier (1) ou enclavé (0),Inflation alimentaire
coastal,cpi_food_main,choc_x,18,-0.177077706648258,0.078560368440375,2122,8,-0.306298013612053,-0.0478573996844632,-0.255638075088633,-0.0985173382078829,Pays côtier (1) ou enclavé (0),Inflation alimentaire
coastal,cpi_food_main,choc,19,0.561624547639178,0.143115827411352,2114,8,0.326219959847454,0.797029135430901,0.418508720227825,0.70474037505053,Pays côtier (1) ou enclavé (0),Inflation alimentaire
coastal,cpi_food_main,choc_x,19,-0.197195679847249,0.0914975053925821,2114,8,-0.34769568344925,-0.0466956762452488,-0.288693185239831,-0.105698174454667,Pays côtier (1) ou enclavé (0),Inflation alimentaire
coastal,cpi_food_main,choc,20,0.577151332743018,0.140631106387665,2106,8,0.345833747339069,0.808468918146968,0.436520226355353,0.717782439130683,Pays côtier (1) ou enclavé (0),Inflation alimentaire
coastal,cpi_food_main,choc_x,20,-0.198530569976905,0.0865883403251483,2106,8,-0.340955715612434,-0.0561054243413767,-0.285118910302054,-0.111942229651757,Pays côtier (1) ou enclavé (0),Inflation alimentaire
coastal,cpi_food_main,choc,21,0.589900425212392,0.14547555748451,2098,8,0.350614426851209,0.829186423573575,0.444424867727882,0.735375982696902,Pays côtier (1) ou enclavé (0),Inflation alimentaire
coastal,cpi_food_main,choc_x,21,-0.20378946914358,0.0822714276727331,2098,8,-0.339113925345551,-0.0684650129416091,-0.286060896816313,-0.121518041470847,Pays côtier (1) ou enclavé (0),Inflation alimentaire
coastal,cpi_food_main,choc,22,0.544005391374521,0.144812737972451,2090,8,0.305809634091762,0.782201148657281,0.39919265340207,0.688818129346973,Pays côtier (1) ou enclavé (0),Inflation alimentaire
coastal,cpi_food_main,choc_x,22,-0.250705213916652,0.0761690178232155,2090,8,-0.375992099144499,-0.125418328688805,-0.326874231739867,-0.174536196093437,Pays côtier (1) ou enclavé (0),Inflation alimentaire
coastal,cpi_food_main,choc,23,0.576321406560535,0.145450848216384,2082,8,0.337076051328649,0.815566761792422,0.430870558344152,0.721772254776919,Pays côtier (1) ou enclavé (0),Inflation alimentaire
coastal,cpi_food_main,choc_x,23,-0.249802760253992,0.0702549319920916,2082,8,-0.365361839952413,-0.134243680555571,-0.320057692246084,-0.179547828261901,Pays côtier (1) ou enclavé (0),Inflation alimentaire
coastal,cpi_food_main,choc,24,0.619292752231672,0.130456247934537,2074,8,0.404711319658068,0.833874184805276,0.488836504297134,0.749749000166209,Pays côtier (1) ou enclavé (0),Inflation alimentaire
coastal,cpi_food_main,choc_x,24,-0.200361139626495,0.0691539664420892,2074,8,-0.314109292146846,-0.0866129871061444,-0.269515106068584,-0.131207173184406,Pays côtier (1) ou enclavé (0),Inflation alimentaire
coastal,cpi_all_main,choc,0,-0.00853655064295162,0.0140215841362667,2266,8,-0.0316000041650951,0.0145269028791918,-0.0225581347792183,0.00548503349331505,Pays côtier (1) ou enclavé (0),Inflation totale
coastal,cpi_all_main,choc_x,0,-0.0250757978081376,0.020166137305659,2266,8,-0.0582461418969522,0.00809454628067705,-0.0452419351137966,-0.00490966050247855,Pays côtier (1) ou enclavé (0),Inflation totale
coastal,cpi_all_main,choc,1,-0.010054175246693,0.0187230277396314,2258,8,-0.0408508153317387,0.0207424648383526,-0.0287772029863244,0.00866885249293834,Pays côtier (1) ou enclavé (0),Inflation totale
coastal,cpi_all_main,choc_x,1,-0.0463699149388387,0.0315838037639644,2258,8,-0.0983206491129192,0.0055808192352417,-0.0779537187028032,-0.0147861111748743,Pays côtier (1) ou enclavé (0),Inflation totale
coastal,cpi_all_main,choc,2,0.00265572556013397,0.0227242103931659,2250,8,-0.0347222743246733,0.0400337254449412,-0.0200684848330319,0.0253799359532999,Pays côtier (1) ou enclavé (0),Inflation totale
coastal,cpi_all_main,choc_x,2,-0.0388678565469331,0.0391397975562579,2250,8,-0.10324709451549,0.0255113814216242,-0.078007654103191,0.000271941009324886,Pays côtier (1) ou enclavé (0),Inflation totale
coastal,cpi_all_main,choc,3,0.0158124588838779,0.0249840894908086,2242,8,-0.0252827113311587,0.0569076290989145,-0.00917163060693062,0.0407965483746865,Pays côtier (1) ou enclavé (0),Inflation totale
coastal,cpi_all_main,choc_x,3,-0.0459229956003322,0.0432717402514147,2242,8,-0.117098674497374,0.0252526832967093,-0.0891947358517468,-0.00265125534891748,Pays côtier (1) ou enclavé (0),Inflation totale
coastal,cpi_all_main,choc,4,0.0485243198222842,0.0272858411952475,2234,8,0.00364310496785945,0.093405534676709,0.0212384786270367,0.0758101610175318,Pays côtier (1) ou enclavé (0),Inflation totale
coastal,cpi_all_main,choc_x,4,-0.0474078185690418,0.0499243099796906,2234,8,-0.129526000912185,0.0347103637741018,-0.0973321285487323,0.00251649141064878,Pays côtier (1) ou enclavé (0),Inflation totale
coastal,cpi_all_main,choc,5,0.0854566898284323,0.0319198249828228,2226,8,0.03295324993378,0.137960129723085,0.0535368648456095,0.117376514811255,Pays côtier (1) ou enclavé (0),Inflation totale
coastal,cpi_all_main,choc_x,5,-0.0345173184647099,0.056383141006508,2226,8,-0.127259332448181,0.0582246955187611,-0.0909004594712179,0.0218658225417982,Pays côtier (1) ou enclavé (0),Inflation totale
coastal,cpi_all_main,choc,6,0.0971671535190057,0.0400889280583721,2218,8,0.0312267348015957,0.163107572236416,0.0570782254606335,0.137256081577378,Pays côtier (1) ou enclavé (0),Inflation totale
coastal,cpi_all_main,choc_x,6,-0.0534867323407624,0.0654255845015491,2218,8,-0.161102242303555,0.0541287776220306,-0.118912316842311,0.0119388521607867,Pays côtier (1) ou enclavé (0),Inflation totale
coastal,cpi_all_main,choc,7,0.13523630103952,0.0455025072879062,2210,8,0.0603913368916218,0.210081265187418,0.0897337937516138,0.180738808327426,Pays côtier (1) ou enclavé (0),Inflation totale
coastal,cpi_all_main,choc_x,7,-0.0753108126916058,0.0611664876895063,2210,8,-0.175920731815573,0.0252991064323612,-0.136477300381112,-0.0141443250020995,Pays côtier (1) ou enclavé (0),Inflation totale
coastal,cpi_all_main,choc,8,0.170137361610325,0.0520944083512863,2202,8,0.0844496850898205,0.255825038130829,0.118042953259038,0.222231769961611,Pays côtier (1) ou enclavé (0),Inflation totale
coastal,cpi_all_main,choc_x,8,-0.0487913637076998,0.058509648922286,2202,8,-0.145031171949179,0.0474484445337796,-0.107301012629986,0.00971828521458617,Pays côtier (1) ou enclavé (0),Inflation totale
coastal,cpi_all_main,choc,9,0.182598144476184,0.0555270771799142,2194,8,0.0912642301827882,0.273932058769581,0.12707106729627,0.238125221656099,Pays côtier (1) ou enclavé (0),Inflation totale
coastal,cpi_all_main,choc_x,9,-0.0547241398558723,0.056946398405628,2194,8,-0.148392629815193,0.0389443501034484,-0.1116705382615,0.0022222585497557,Pays côtier (1) ou enclavé (0),Inflation totale
coastal,cpi_all_main,choc,10,0.181771297995987,0.062512127674326,2186,8,0.0789479980624184,0.284594597929556,0.119259170321661,0.244283425670313,Pays côtier (1) ou enclavé (0),Inflation totale
coastal,cpi_all_main,choc_x,10,-0.0408818750088043,0.0465712883517365,2186,8,-0.117484827565961,0.0357210775483523,-0.0874531633605408,0.00568941334293222,Pays côtier (1) ou enclavé (0),Inflation totale
coastal,cpi_all_main,choc,11,0.200964899964778,0.0640624614641256,2178,8,0.0955915278740719,0.306338272055484,0.136902438500652,0.265027361428903,Pays côtier (1) ou enclavé (0),Inflation totale
coastal,cpi_all_main,choc_x,11,-0.018231324660687,0.0470754664545849,2178,8,-0.0956635763989433,0.0592009270775692,-0.0653067911152719,0.0288441417938978,Pays côtier (1) ou enclavé (0),Inflation totale
coastal,cpi_all_main,choc,12,0.237199540121878,0.0690348805704403,2170,8,0.123647266429428,0.350751813814329,0.168164659551438,0.306234420692318,Pays côtier (1) ou enclavé (0),Inflation totale
coastal,cpi_all_main,choc_x,12,-0.0294534517722405,0.0493595854730422,2170,8,-0.110642744962395,0.0517358414179142,-0.0788130372452827,0.0199061337008018,Pays côtier (1) ou enclavé (0),Inflation totale
coastal,cpi_all_main,choc,13,0.262114216205858,0.0719955725861593,2162,8,0.143692037513066,0.38053639489865,0.190118643619699,0.334109788792017,Pays côtier (1) ou enclavé (0),Inflation totale
coastal,cpi_all_main,choc_x,13,-0.0415185529829527,0.0458837922756365,2162,8,-0.116990675125821,0.0339535691599159,-0.0874023452585892,0.00436523929268378,Pays côtier (1) ou enclavé (0),Inflation totale
coastal,cpi_all_main,choc,14,0.26702260026967,0.078998199632641,2154,8,0.137082125081284,0.396963075458056,0.188024400637029,0.346020799902311,Pays côtier (1) ou enclavé (0),Inflation totale
coastal,cpi_all_main,choc_x,14,-0.0170402399385577,0.04218280590937,2154,8,-0.0864247812335748,0.0523443013564595,-0.0592230458479276,0.0251425659708123,Pays côtier (1) ou enclavé (0),Inflation totale
coastal,cpi_all_main,choc,15,0.305284872209772,0.0811950140780941,2146,8,0.171730958813043,0.4388387856065,0.224089858131677,0.386479886287866,Pays côtier (1) ou enclavé (0),Inflation totale
coastal,cpi_all_main,choc_x,15,-0.0529409999558377,0.0442880295694433,2146,8,-0.125788326023671,0.0199063261119952,-0.097229029525281,-0.00865297038639433,Pays côtier (1) ou enclavé (0),Inflation totale
coastal,cpi_all_main,choc,16,0.325683751190573,0.0764809653049356,2138,8,0.199883758016,0.451483744365146,0.249202785885638,0.402164716495509,Pays côtier (1) ou enclavé (0),Inflation totale
coastal,cpi_all_main,choc_x,16,-0.068019628404773,0.0472163660465037,2138,8,-0.145683639347833,0.00964438253828702,-0.115235994451277,-0.0208032623582692,Pays côtier (1) ou enclavé (0),Inflation totale
coastal,cpi_all_main,choc,17,0.325998787509822,0.0735945413393467,2130,8,0.204946539263967,0.447051035755676,0.252404246170475,0.399593328849168,Pays côtier (1) ou enclavé (0),Inflation totale
coastal,cpi_all_main,choc_x,17,-0.104632295702396,0.0497868833573955,2130,8,-0.186524431367417,-0.0227401600373738,-0.154419179059791,-0.0548454123450001,Pays côtier (1) ou enclavé (0),Inflation totale
coastal,cpi_all_main,choc,18,0.318273407579156,0.0773602494352053,2122,8,0.191027120713788,0.445519694444524,0.240913158143951,0.395633657014361,Pays côtier (1) ou enclavé (0),Inflation totale
coastal,cpi_all_main,choc_x,18,-0.0960444102068705,0.0521535267712256,2122,8,-0.181829327874832,-0.0102594925389094,-0.148197936978096,-0.0438908834356449,Pays côtier (1) ou enclavé (0),Inflation totale
coastal,cpi_all_main,choc,19,0.326911615915392,0.0802560798003924,2114,8,0.19490211197081,0.458921119859974,0.246655536115,0.407167695715784,Pays côtier (1) ou enclavé (0),Inflation totale
coastal,cpi_all_main,choc_x,19,-0.0984967138898664,0.0535842896506673,2114,8,-0.186635027069385,-0.0103584007103481,-0.152081003540534,-0.0449124242391992,Pays côtier (1) ou enclavé (0),Inflation totale
coastal,cpi_all_main,choc,20,0.34946850596165,0.0776766095943043,2106,8,0.221701852941166,0.477235158982135,0.271791896367346,0.427145115555955,Pays côtier (1) ou enclavé (0),Inflation totale
coastal,cpi_all_main,choc_x,20,-0.10466607569757,0.0520783078420765,2106,8,-0.190327269237105,-0.0190048821580355,-0.156744383539647,-0.0525877678554938,Pays côtier (1) ou enclavé (0),Inflation totale
coastal,cpi_all_main,choc,21,0.366011582171346,0.0820119692854828,2098,8,0.231113897038687,0.500909267304006,0.283999612885864,0.448023551456829,Pays côtier (1) ou enclavé (0),Inflation totale
coastal,cpi_all_main,choc_x,21,-0.0985813926371204,0.0471504908368681,2098,8,-0.176137048502685,-0.0210257367715558,-0.145731883473989,-0.0514309018002523,Pays côtier (1) ou enclavé (0),Inflation totale
coastal,cpi_all_main,choc,22,0.353957855496129,0.0830172600850306,2090,8,0.217406614145693,0.490509096846565,0.270940595411098,0.436975115581159,Pays côtier (1) ou enclavé (0),Inflation totale
coastal,cpi_all_main,choc_x,22,-0.133258951446333,0.0443566507979424,2090,8,-0.206219149390749,-0.060298753501918,-0.177615602244276,-0.088902300648391,Pays côtier (1) ou enclavé (0),Inflation totale
coastal,cpi_all_main,choc,23,0.359682677241161,0.0845505987409106,2082,8,0.220609318241256,0.498756036241067,0.275132078500251,0.444233275982072,Pays côtier (1) ou enclavé (0),Inflation totale
coastal,cpi_all_main,choc_x,23,-0.115145089506571,0.0401761960772833,2082,8,-0.181229051341404,-0.0490611276717384,-0.155321285583855,-0.074968893429288,Pays côtier (1) ou enclavé (0),Inflation totale
coastal,cpi_all_main,choc,24,0.38369643581818,0.0785133393946446,2074,8,0.254553484750827,0.512839386885533,0.305183096423536,0.462209775212825,Pays côtier (1) ou enclavé (0),Inflation totale
coastal,cpi_all_main,choc_x,24,-0.0881265001909485,0.0419150891371043,2074,8,-0.157070686582109,-0.0191823137997882,-0.130041589328053,-0.0462114110538442,Pays côtier (1) ou enclavé (0),Inflation totale
