variable,spec,h,coef,se,nobs,pays
Inflation alimentaire,Baseline (hybride),0,-0.005,0.028,2266,8
Inflation alimentaire,Baseline (hybride),3,0.077,0.052,2242,8
Inflation alimentaire,Baseline (hybride),6,0.165,0.073,2218,8
Inflation alimentaire,Baseline (hybride),12,0.349,0.112,2170,8
Inflation alimentaire,Baseline (hybride),18,0.529,0.136,2122,8
Inflation alimentaire,Baseline (hybride),24,0.618,0.13,2074,8
Inflation alimentaire,EDEN pur,0,-0.008,0.028,2266,8
Inflation alimentaire,EDEN pur,3,0.074,0.051,2242,8
Inflation alimentaire,EDEN pur,6,0.167,0.073,2218,8
Inflation alimentaire,EDEN pur,12,0.342,0.11,2170,8
Inflation alimentaire,EDEN pur,18,0.528,0.136,2122,8
Inflation alimentaire,EDEN pur,24,0.609,0.131,2074,8
Inflation alimentaire,FAOSTAT pur,0,0.011,0.029,2266,8
Inflation alimentaire,FAOSTAT pur,3,0.094,0.05,2242,8
Inflation alimentaire,FAOSTAT pur,6,0.199,0.079,2218,8
Inflation alimentaire,FAOSTAT pur,12,0.366,0.124,2170,8
Inflation alimentaire,FAOSTAT pur,18,0.535,0.143,2122,8
Inflation alimentaire,FAOSTAT pur,24,0.623,0.13,2074,8
Inflation alimentaire,"Janv. 2008 neutralisé (MLI, NER)",0,-0.007,0.028,2240,8
Inflation alimentaire,"Janv. 2008 neutralisé (MLI, NER)",3,0.077,0.053,2210,8
Inflation alimentaire,"Janv. 2008 neutralisé (MLI, NER)",6,0.147,0.07,2180,8
Inflation alimentaire,"Janv. 2008 neutralisé (MLI, NER)",12,0.339,0.11,2120,8
Inflation alimentaire,"Janv. 2008 neutralisé (MLI, NER)",18,0.506,0.133,2060,8
Inflation alimentaire,"Janv. 2008 neutralisé (MLI, NER)",24,0.605,0.127,2000,8
Inflation alimentaire,Sans Mali ni Niger,0,-0.022,0.032,1692,6
Inflation alimentaire,Sans Mali ni Niger,3,0.089,0.054,1674,6
Inflation alimentaire,Sans Mali ni Niger,6,0.172,0.067,1656,6
Inflation alimentaire,Sans Mali ni Niger,12,0.378,0.103,1620,6
Inflation alimentaire,Sans Mali ni Niger,18,0.528,0.131,1584,6
Inflation alimentaire,Sans Mali ni Niger,24,0.607,0.119,1548,6
Inflation totale,Baseline (hybride),0,-0.009,0.014,2266,8
Inflation totale,Baseline (hybride),3,0.016,0.025,2242,8
Inflation totale,Baseline (hybride),6,0.097,0.04,2218,8
Inflation totale,Baseline (hybride),12,0.237,0.069,2170,8
Inflation totale,Baseline (hybride),18,0.318,0.077,2122,8
Inflation totale,Baseline (hybride),24,0.383,0.078,2074,8
Inflation totale,EDEN pur,0,-0.006,0.013,2266,8
Inflation totale,EDEN pur,3,0.02,0.024,2242,8
Inflation totale,EDEN pur,6,0.102,0.039,2218,8
Inflation totale,EDEN pur,12,0.206,0.059,2170,8
Inflation totale,EDEN pur,18,0.315,0.073,2122,8
Inflation totale,EDEN pur,24,0.345,0.074,2074,8
Inflation totale,FAOSTAT pur,0,-0.005,0.014,2266,8
Inflation totale,FAOSTAT pur,3,0.023,0.024,2242,8
Inflation totale,FAOSTAT pur,6,0.105,0.04,2218,8
Inflation totale,FAOSTAT pur,12,0.238,0.07,2170,8
Inflation totale,FAOSTAT pur,18,0.313,0.075,2122,8
Inflation totale,FAOSTAT pur,24,0.377,0.076,2074,8
Inflation totale,Avec GSCPI,0,-0.008,0.014,2266,8
Inflation totale,Avec GSCPI,3,0.017,0.027,2242,8
Inflation totale,Avec GSCPI,6,0.106,0.041,2218,8
Inflation totale,Avec GSCPI,12,0.26,0.064,2170,8
Inflation totale,Avec GSCPI,18,0.317,0.078,2122,8
Inflation totale,Avec GSCPI,24,0.346,0.089,2074,8
Inflation totale,Sans Mali ni Niger,0,-0.012,0.014,1692,6
Inflation totale,Sans Mali ni Niger,3,0.013,0.024,1674,6
Inflation totale,Sans Mali ni Niger,6,0.1,0.035,1656,6
Inflation totale,Sans Mali ni Niger,12,0.247,0.064,1620,6
Inflation totale,Sans Mali ni Niger,18,0.323,0.071,1584,6
Inflation totale,Sans Mali ni Niger,24,0.382,0.071,1548,6
