faostat,m49 code,Country,Item Code,Item,Unit,Year,Months,Value,Flag Description,date
233,854,Burkina Faso,23012,"Consumer Prices, General Indices (2015 = 100)",,2000,January,68.614587,Figure from external organization,2000-01-01
233,854,Burkina Faso,23012,"Consumer Prices, General Indices (2015 = 100)",,2000,January,68.614587,Value from external organization,2000-01-01
233,854,Burkina Faso,23012,"Consumer Prices, General Indices (2015 = 100)",,2000,February,68.418732,Figure from external organization,2000-02-01
233,854,Burkina Faso,23012,"Consumer Prices, General Indices (2015 = 100)",,2000,February,68.418732,Value from external organization,2000-02-01
233,854,Burkina Faso,23012,"Consumer Prices, General Indices (2015 = 100)",,2000,March,68.288161,Figure from external organization,2000-03-01
233,854,Burkina Faso,23012,"Consumer Prices, General Indices (2015 = 100)",,2000,March,68.288161,Value from external organization,2000-03-01
233,854,Burkina Faso,23012,"Consumer Prices, General Indices (2015 = 100)",,2000,April,68.288161,Figure from external organization,2000-04-01
233,854,Burkina Faso,23012,"Consumer Prices, General Indices (2015 = 100)",,2000,April,68.288161,Value from external organization,2000-04-01
233,854,Burkina Faso,23012,"Consumer Prices, General Indices (2015 = 100)",,2000,May,70.050858,Figure from external organization,2000-05-01
233,854,Burkina Faso,23012,"Consumer Prices, General Indices (2015 = 100)",,2000,May,70.050858,Value from external organization,2000-05-01
233,854,Burkina Faso,23012,"Consumer Prices, General Indices (2015 = 100)",,2000,June,70.768993,Figure from external organization,2000-06-01
233,854,Burkina Faso,23012,"Consumer Prices, General Indices (2015 = 100)",,2000,June,70.768993,Value from external organization,2000-06-01
233,854,Burkina Faso,23012,"Consumer Prices, General Indices (2015 = 100)",,2000,July,69.920288,Figure from external organization,2000-07-01
233,854,Burkina Faso,23012,"Consumer Prices, General Indices (2015 = 100)",,2000,July,69.920288,Value from external organization,2000-07-01
233,854,Burkina Faso,23012,"Consumer Prices, General Indices (2015 = 100)",,2000,August,69.855003,Figure from external organization,2000-08-01
233,854,Burkina Faso,23012,"Consumer Prices, General Indices (2015 = 100)",,2000,August,69.855003,Value from external organization,2000-08-01
233,854,Burkina Faso,23012,"Consumer Prices, General Indices (2015 = 100)",,2000,September,69.267437,Figure from external organization,2000-09-01
233,854,Burkina Faso,23012,"Consumer Prices, General Indices (2015 = 100)",,2000,September,69.267437,Value from external organization,2000-09-01
233,854,Burkina Faso,23012,"Consumer Prices, General Indices (2015 = 100)",,2000,October,69.789718,Figure from external organization,2000-10-01
233,854,Burkina Faso,23012,"Consumer Prices, General Indices (2015 = 100)",,2000,October,69.789718,Value from external organization,2000-10-01
233,854,Burkina Faso,23012,"Consumer Prices, General Indices (2015 = 100)",,2000,November,70.377283,Figure from external organization,2000-11-01
233,854,Burkina Faso,23012,"Consumer Prices, General Indices (2015 = 100)",,2000,November,70.377283,Value from external organization,2000-11-01
233,854,Burkina Faso,23012,"Consumer Prices, General Indices (2015 = 100)",,2000,December,70.768993,Figure from external organization,2000-12-01
233,854,Burkina Faso,23012,"Consumer Prices, General Indices (2015 = 100)",,2000,December,70.768993,Value from external organization,2000-12-01
233,854,Burkina Faso,23012,"Consumer Prices, General Indices (2015 = 100)",,2001,January,71.030134,Figure from external organization,2001-01-01
233,854,Burkina Faso,23012,"Consumer Prices, General Indices (2015 = 100)",,2001,January,71.030134,Value from external organization,2001-01-01
233,854,Burkina Faso,23012,"Consumer Prices, General Indices (2015 = 100)",,2001,February,71.095419,Figure from external organization,2001-02-01
233,854,Burkina Faso,23012,"Consumer Prices, General Indices (2015 = 100)",,2001,February,71.095419,Value from external organization,2001-02-01
233,854,Burkina Faso,23012,"Consumer Prices, General Indices (2015 = 100)",,2001,March,72.858115,Figure from external organization,2001-03-01
233,854,Burkina Faso,23012,"Consumer Prices, General Indices (2015 = 100)",,2001,March,72.858115,Value from external organization,2001-03-01
233,854,Burkina Faso,23012,"Consumer Prices, General Indices (2015 = 100)",,2001,April,72.009409,Figure from external organization,2001-04-01
233,854,Burkina Faso,23012,"Consumer Prices, General Indices (2015 = 100)",,2001,April,72.009409,Value from external organization,2001-04-01
233,854,Burkina Faso,23012,"Consumer Prices, General Indices (2015 = 100)",,2001,May,73.249825,Figure from external organization,2001-05-01
233,854,Burkina Faso,23012,"Consumer Prices, General Indices (2015 = 100)",,2001,May,73.249825,Value from external organization,2001-05-01
233,854,Burkina Faso,23012,"Consumer Prices, General Indices (2015 = 100)",,2001,June,74.555526,Figure from external organization,2001-06-01
233,854,Burkina Faso,23012,"Consumer Prices, General Indices (2015 = 100)",,2001,June,74.555526,Value from external organization,2001-06-01
233,854,Burkina Faso,23012,"Consumer Prices, General Indices (2015 = 100)",,2001,July,74.620811,Figure from external organization,2001-07-01
233,854,Burkina Faso,23012,"Consumer Prices, General Indices (2015 = 100)",,2001,July,74.620811,Value from external organization,2001-07-01
233,854,Burkina Faso,23012,"Consumer Prices, General Indices (2015 = 100)",,2001,August,74.751381,Figure from external organization,2001-08-01
233,854,Burkina Faso,23012,"Consumer Prices, General Indices (2015 = 100)",,2001,August,74.751381,Value from external organization,2001-08-01
233,854,Burkina Faso,23012,"Consumer Prices, General Indices (2015 = 100)",,2001,September,72.727545,Figure from external organization,2001-09-01
233,854,Burkina Faso,23012,"Consumer Prices, General Indices (2015 = 100)",,2001,September,72.727545,Value from external organization,2001-09-01
233,854,Burkina Faso,23012,"Consumer Prices, General Indices (2015 = 100)",,2001,October,73.837391,Figure from external organization,2001-10-01
233,854,Burkina Faso,23012,"Consumer Prices, General Indices (2015 = 100)",,2001,October,73.837391,Value from external organization,2001-10-01
233,854,Burkina Faso,23012,"Consumer Prices, General Indices (2015 = 100)",,2001,November,73.967961,Figure from external organization,2001-11-01
233,854,Burkina Faso,23012,"Consumer Prices, General Indices (2015 = 100)",,2001,November,73.967961,Value from external organization,2001-11-01
233,854,Burkina Faso,23012,"Consumer Prices, General Indices (2015 = 100)",,2001,December,71.487129,Figure from external organization,2001-12-01
233,854,Burkina Faso,23012,"Consumer Prices, General Indices (2015 = 100)",,2001,December,71.487129,Value from external organization,2001-12-01
233,854,Burkina Faso,23012,"Consumer Prices, General Indices (2015 = 100)",,2002,January,71.748269,Figure from external organization,2002-01-01
233,854,Burkina Faso,23012,"Consumer Prices, General Indices (2015 = 100)",,2002,January,71.748269,Value from external organization,2002-01-01
233,854,Burkina Faso,23012,"Consumer Prices, General Indices (2015 = 100)",,2002,February,73.44568,Figure from external organization,2002-02-01
233,854,Burkina Faso,23012,"Consumer Prices, General Indices (2015 = 100)",,2002,February,73.44568,Value from external organization,2002-02-01
233,854,Burkina Faso,23012,"Consumer Prices, General Indices (2015 = 100)",,2002,March,73.380395,Figure from external organization,2002-03-01
233,854,Burkina Faso,23012,"Consumer Prices, General Indices (2015 = 100)",,2002,March,73.380395,Value from external organization,2002-03-01
233,854,Burkina Faso,23012,"Consumer Prices, General Indices (2015 = 100)",,2002,April,73.902676,Figure from external organization,2002-04-01
233,854,Burkina Faso,23012,"Consumer Prices, General Indices (2015 = 100)",,2002,April,73.902676,Value from external organization,2002-04-01
233,854,Burkina Faso,23012,"Consumer Prices, General Indices (2015 = 100)",,2002,May,75.143092,Figure from external organization,2002-05-01
233,854,Burkina Faso,23012,"Consumer Prices, General Indices (2015 = 100)",,2002,May,75.143092,Value from external organization,2002-05-01
233,854,Burkina Faso,23012,"Consumer Prices, General Indices (2015 = 100)",,2002,June,76.252937,Figure from external organization,2002-06-01
233,854,Burkina Faso,23012,"Consumer Prices, General Indices (2015 = 100)",,2002,June,76.252937,Value from external organization,2002-06-01
233,854,Burkina Faso,23012,"Consumer Prices, General Indices (2015 = 100)",,2002,July,75.861227,Figure from external organization,2002-07-01
233,854,Burkina Faso,23012,"Consumer Prices, General Indices (2015 = 100)",,2002,July,75.861227,Value from external organization,2002-07-01
233,854,Burkina Faso,23012,"Consumer Prices, General Indices (2015 = 100)",,2002,August,76.775218,Figure from external organization,2002-08-01
233,854,Burkina Faso,23012,"Consumer Prices, General Indices (2015 = 100)",,2002,August,76.775218,Value from external organization,2002-08-01
233,854,Burkina Faso,23012,"Consumer Prices, General Indices (2015 = 100)",,2002,September,74.947236,Figure from external organization,2002-09-01
233,854,Burkina Faso,23012,"Consumer Prices, General Indices (2015 = 100)",,2002,September,74.947236,Value from external organization,2002-09-01
233,854,Burkina Faso,23012,"Consumer Prices, General Indices (2015 = 100)",,2002,October,74.620811,Figure from external organization,2002-10-01
233,854,Burkina Faso,23012,"Consumer Prices, General Indices (2015 = 100)",,2002,October,74.620811,Value from external organization,2002-10-01
233,854,Burkina Faso,23012,"Consumer Prices, General Indices (2015 = 100)",,2002,November,74.881951,Figure from external organization,2002-11-01
233,854,Burkina Faso,23012,"Consumer Prices, General Indices (2015 = 100)",,2002,November,74.881951,Value from external organization,2002-11-01
233,854,Burkina Faso,23012,"Consumer Prices, General Indices (2015 = 100)",,2002,December,74.294386,Figure from external organization,2002-12-01
233,854,Burkina Faso,23012,"Consumer Prices, General Indices (2015 = 100)",,2002,December,74.294386,Value from external organization,2002-12-01
233,854,Burkina Faso,23012,"Consumer Prices, General Indices (2015 = 100)",,2003,January,74.490241,Figure from external organization,2003-01-01
233,854,Burkina Faso,23012,"Consumer Prices, General Indices (2015 = 100)",,2003,January,74.490241,Value from external organization,2003-01-01
233,854,Burkina Faso,23012,"Consumer Prices, General Indices (2015 = 100)",,2003,February,75.077807,Figure from external organization,2003-02-01
233,854,Burkina Faso,23012,"Consumer Prices, General Indices (2015 = 100)",,2003,February,75.077807,Value from external organization,2003-02-01
233,854,Burkina Faso,23012,"Consumer Prices, General Indices (2015 = 100)",,2003,March,74.686096,Figure from external organization,2003-03-01
233,854,Burkina Faso,23012,"Consumer Prices, General Indices (2015 = 100)",,2003,March,74.686096,Value from external organization,2003-03-01
233,854,Burkina Faso,23012,"Consumer Prices, General Indices (2015 = 100)",,2003,April,74.751381,Figure from external organization,2003-04-01
233,854,Burkina Faso,23012,"Consumer Prices, General Indices (2015 = 100)",,2003,April,74.751381,Value from external organization,2003-04-01
233,854,Burkina Faso,23012,"Consumer Prices, General Indices (2015 = 100)",,2003,May,77.166928,Figure from external organization,2003-05-01
233,854,Burkina Faso,23012,"Consumer Prices, General Indices (2015 = 100)",,2003,May,77.166928,Value from external organization,2003-05-01
233,854,Burkina Faso,23012,"Consumer Prices, General Indices (2015 = 100)",,2003,June,78.668484,Figure from external organization,2003-06-01
233,854,Burkina Faso,23012,"Consumer Prices, General Indices (2015 = 100)",,2003,June,78.668484,Value from external organization,2003-06-01
233,854,Burkina Faso,23012,"Consumer Prices, General Indices (2015 = 100)",,2003,July,76.579363,Figure from external organization,2003-07-01
233,854,Burkina Faso,23012,"Consumer Prices, General Indices (2015 = 100)",,2003,July,76.579363,Value from external organization,2003-07-01
233,854,Burkina Faso,23012,"Consumer Prices, General Indices (2015 = 100)",,2003,August,76.187652,Figure from external organization,2003-08-01
233,854,Burkina Faso,23012,"Consumer Prices, General Indices (2015 = 100)",,2003,August,76.187652,Value from external organization,2003-08-01
233,854,Burkina Faso,23012,"Consumer Prices, General Indices (2015 = 100)",,2003,September,76.318223,Figure from external organization,2003-09-01
233,854,Burkina Faso,23012,"Consumer Prices, General Indices (2015 = 100)",,2003,September,76.318223,Value from external organization,2003-09-01
233,854,Burkina Faso,23012,"Consumer Prices, General Indices (2015 = 100)",,2003,October,75.926512,Figure from external organization,2003-10-01
233,854,Burkina Faso,23012,"Consumer Prices, General Indices (2015 = 100)",,2003,October,75.926512,Value from external organization,2003-10-01
233,854,Burkina Faso,23012,"Consumer Prices, General Indices (2015 = 100)",,2003,November,76.971073,Figure from external organization,2003-11-01
233,854,Burkina Faso,23012,"Consumer Prices, General Indices (2015 = 100)",,2003,November,76.971073,Value from external organization,2003-11-01
233,854,Burkina Faso,23012,"Consumer Prices, General Indices (2015 = 100)",,2003,December,76.644648,Figure from external organization,2003-12-01
233,854,Burkina Faso,23012,"Consumer Prices, General Indices (2015 = 100)",,2003,December,76.644648,Value from external organization,2003-12-01
233,854,Burkina Faso,23012,"Consumer Prices, General Indices (2015 = 100)",,2004,January,74.751381,Figure from external organization,2004-01-01
233,854,Burkina Faso,23012,"Consumer Prices, General Indices (2015 = 100)",,2004,January,74.751381,Value from external organization,2004-01-01
233,854,Burkina Faso,23012,"Consumer Prices, General Indices (2015 = 100)",,2004,February,73.641536,Figure from external organization,2004-02-01
233,854,Burkina Faso,23012,"Consumer Prices, General Indices (2015 = 100)",,2004,February,73.641536,Value from external organization,2004-02-01
233,854,Burkina Faso,23012,"Consumer Prices, General Indices (2015 = 100)",,2004,March,73.967961,Figure from external organization,2004-03-01
233,854,Burkina Faso,23012,"Consumer Prices, General Indices (2015 = 100)",,2004,March,73.967961,Value from external organization,2004-03-01
233,854,Burkina Faso,23012,"Consumer Prices, General Indices (2015 = 100)",,2004,April,74.686096,Figure from external organization,2004-04-01
233,854,Burkina Faso,23012,"Consumer Prices, General Indices (2015 = 100)",,2004,April,74.686096,Value from external organization,2004-04-01
233,854,Burkina Faso,23012,"Consumer Prices, General Indices (2015 = 100)",,2004,May,75.273662,Figure from external organization,2004-05-01
233,854,Burkina Faso,23012,"Consumer Prices, General Indices (2015 = 100)",,2004,May,75.273662,Value from external organization,2004-05-01
233,854,Burkina Faso,23012,"Consumer Prices, General Indices (2015 = 100)",,2004,June,76.514078,Figure from external organization,2004-06-01
233,854,Burkina Faso,23012,"Consumer Prices, General Indices (2015 = 100)",,2004,June,76.514078,Value from external organization,2004-06-01
233,854,Burkina Faso,23012,"Consumer Prices, General Indices (2015 = 100)",,2004,July,76.318223,Figure from external organization,2004-07-01
233,854,Burkina Faso,23012,"Consumer Prices, General Indices (2015 = 100)",,2004,July,76.318223,Value from external organization,2004-07-01
233,854,Burkina Faso,23012,"Consumer Prices, General Indices (2015 = 100)",,2004,August,76.122367,Figure from external organization,2004-08-01
233,854,Burkina Faso,23012,"Consumer Prices, General Indices (2015 = 100)",,2004,August,76.122367,Value from external organization,2004-08-01
233,854,Burkina Faso,23012,"Consumer Prices, General Indices (2015 = 100)",,2004,September,75.730657,Figure from external organization,2004-09-01
233,854,Burkina Faso,23012,"Consumer Prices, General Indices (2015 = 100)",,2004,September,75.730657,Value from external organization,2004-09-01
233,854,Burkina Faso,23012,"Consumer Prices, General Indices (2015 = 100)",,2004,October,77.689209,Figure from external organization,2004-10-01
233,854,Burkina Faso,23012,"Consumer Prices, General Indices (2015 = 100)",,2004,October,77.689209,Value from external organization,2004-10-01
233,854,Burkina Faso,23012,"Consumer Prices, General Indices (2015 = 100)",,2004,November,77.950349,Figure from external organization,2004-11-01
233,854,Burkina Faso,23012,"Consumer Prices, General Indices (2015 = 100)",,2004,November,77.950349,Value from external organization,2004-11-01
233,854,Burkina Faso,23012,"Consumer Prices, General Indices (2015 = 100)",,2004,December,77.166928,Figure from external organization,2004-12-01
233,854,Burkina Faso,23012,"Consumer Prices, General Indices (2015 = 100)",,2004,December,77.166928,Value from external organization,2004-12-01
233,854,Burkina Faso,23012,"Consumer Prices, General Indices (2015 = 100)",,2005,January,76.971073,Figure from external organization,2005-01-01
233,854,Burkina Faso,23012,"Consumer Prices, General Indices (2015 = 100)",,2005,January,76.971073,Value from external organization,2005-01-01
233,854,Burkina Faso,23012,"Consumer Prices, General Indices (2015 = 100)",,2005,February,76.448793,Figure from external organization,2005-02-01
233,854,Burkina Faso,23012,"Consumer Prices, General Indices (2015 = 100)",,2005,February,76.448793,Value from external organization,2005-02-01
233,854,Burkina Faso,23012,"Consumer Prices, General Indices (2015 = 100)",,2005,March,77.819779,Figure from external organization,2005-03-01
233,854,Burkina Faso,23012,"Consumer Prices, General Indices (2015 = 100)",,2005,March,77.819779,Value from external organization,2005-03-01
233,854,Burkina Faso,23012,"Consumer Prices, General Indices (2015 = 100)",,2005,April,79.12548,Figure from external organization,2005-04-01
233,854,Burkina Faso,23012,"Consumer Prices, General Indices (2015 = 100)",,2005,April,79.12548,Value from external organization,2005-04-01
233,854,Burkina Faso,23012,"Consumer Prices, General Indices (2015 = 100)",,2005,May,80.692321,Figure from external organization,2005-05-01
233,854,Burkina Faso,23012,"Consumer Prices, General Indices (2015 = 100)",,2005,May,80.692321,Value from external organization,2005-05-01
233,854,Burkina Faso,23012,"Consumer Prices, General Indices (2015 = 100)",,2005,June,83.238438,Figure from external organization,2005-06-01
233,854,Burkina Faso,23012,"Consumer Prices, General Indices (2015 = 100)",,2005,June,83.238438,Value from external organization,2005-06-01
233,854,Burkina Faso,23012,"Consumer Prices, General Indices (2015 = 100)",,2005,July,82.455017,Figure from external organization,2005-07-01
233,854,Burkina Faso,23012,"Consumer Prices, General Indices (2015 = 100)",,2005,July,82.455017,Value from external organization,2005-07-01
233,854,Burkina Faso,23012,"Consumer Prices, General Indices (2015 = 100)",,2005,August,83.499578,Figure from external organization,2005-08-01
233,854,Burkina Faso,23012,"Consumer Prices, General Indices (2015 = 100)",,2005,August,83.499578,Value from external organization,2005-08-01
233,854,Burkina Faso,23012,"Consumer Prices, General Indices (2015 = 100)",,2005,September,81.606312,Figure from external organization,2005-09-01
233,854,Burkina Faso,23012,"Consumer Prices, General Indices (2015 = 100)",,2005,September,81.606312,Value from external organization,2005-09-01
233,854,Burkina Faso,23012,"Consumer Prices, General Indices (2015 = 100)",,2005,October,83.760718,Figure from external organization,2005-10-01
233,854,Burkina Faso,23012,"Consumer Prices, General Indices (2015 = 100)",,2005,October,83.760718,Value from external organization,2005-10-01
233,854,Burkina Faso,23012,"Consumer Prices, General Indices (2015 = 100)",,2005,November,81.932737,Figure from external organization,2005-11-01
233,854,Burkina Faso,23012,"Consumer Prices, General Indices (2015 = 100)",,2005,November,81.932737,Value from external organization,2005-11-01
233,854,Burkina Faso,23012,"Consumer Prices, General Indices (2015 = 100)",,2005,December,80.627036,Figure from external organization,2005-12-01
233,854,Burkina Faso,23012,"Consumer Prices, General Indices (2015 = 100)",,2005,December,80.627036,Value from external organization,2005-12-01
233,854,Burkina Faso,23012,"Consumer Prices, General Indices (2015 = 100)",,2006,January,81.802167,Figure from external organization,2006-01-01
233,854,Burkina Faso,23012,"Consumer Prices, General Indices (2015 = 100)",,2006,January,81.802167,Value from external organization,2006-01-01
233,854,Burkina Faso,23012,"Consumer Prices, General Indices (2015 = 100)",,2006,February,81.475741,Figure from external organization,2006-02-01
233,854,Burkina Faso,23012,"Consumer Prices, General Indices (2015 = 100)",,2006,February,81.475741,Value from external organization,2006-02-01
233,854,Burkina Faso,23012,"Consumer Prices, General Indices (2015 = 100)",,2006,March,80.757606,Figure from external organization,2006-03-01
233,854,Burkina Faso,23012,"Consumer Prices, General Indices (2015 = 100)",,2006,March,80.757606,Value from external organization,2006-03-01
233,854,Burkina Faso,23012,"Consumer Prices, General Indices (2015 = 100)",,2006,April,81.475741,Figure from external organization,2006-04-01
233,854,Burkina Faso,23012,"Consumer Prices, General Indices (2015 = 100)",,2006,April,81.475741,Value from external organization,2006-04-01
233,854,Burkina Faso,23012,"Consumer Prices, General Indices (2015 = 100)",,2006,May,83.369008,Figure from external organization,2006-05-01
233,854,Burkina Faso,23012,"Consumer Prices, General Indices (2015 = 100)",,2006,May,83.369008,Value from external organization,2006-05-01
233,854,Burkina Faso,23012,"Consumer Prices, General Indices (2015 = 100)",,2006,June,83.695433,Figure from external organization,2006-06-01
233,854,Burkina Faso,23012,"Consumer Prices, General Indices (2015 = 100)",,2006,June,83.695433,Value from external organization,2006-06-01
233,854,Burkina Faso,23012,"Consumer Prices, General Indices (2015 = 100)",,2006,July,84.609424,Figure from external organization,2006-07-01
233,854,Burkina Faso,23012,"Consumer Prices, General Indices (2015 = 100)",,2006,July,84.609424,Value from external organization,2006-07-01
233,854,Burkina Faso,23012,"Consumer Prices, General Indices (2015 = 100)",,2006,August,84.217713,Figure from external organization,2006-08-01
233,854,Burkina Faso,23012,"Consumer Prices, General Indices (2015 = 100)",,2006,August,84.217713,Value from external organization,2006-08-01
233,854,Burkina Faso,23012,"Consumer Prices, General Indices (2015 = 100)",,2006,September,82.781442,Figure from external organization,2006-09-01
233,854,Burkina Faso,23012,"Consumer Prices, General Indices (2015 = 100)",,2006,September,82.781442,Value from external organization,2006-09-01
233,854,Burkina Faso,23012,"Consumer Prices, General Indices (2015 = 100)",,2006,October,82.977298,Figure from external organization,2006-10-01
233,854,Burkina Faso,23012,"Consumer Prices, General Indices (2015 = 100)",,2006,October,82.977298,Value from external organization,2006-10-01
233,854,Burkina Faso,23012,"Consumer Prices, General Indices (2015 = 100)",,2006,November,81.736882,Figure from external organization,2006-11-01
233,854,Burkina Faso,23012,"Consumer Prices, General Indices (2015 = 100)",,2006,November,81.736882,Value from external organization,2006-11-01
233,854,Burkina Faso,23012,"Consumer Prices, General Indices (2015 = 100)",,2006,December,81.867452,Figure from external organization,2006-12-01
233,854,Burkina Faso,23012,"Consumer Prices, General Indices (2015 = 100)",,2006,December,81.867452,Value from external organization,2006-12-01
233,854,Burkina Faso,23012,"Consumer Prices, General Indices (2015 = 100)",,2007,January,80.431181,Figure from external organization,2007-01-01
233,854,Burkina Faso,23012,"Consumer Prices, General Indices (2015 = 100)",,2007,January,80.431181,Value from external organization,2007-01-01
233,854,Burkina Faso,23012,"Consumer Prices, General Indices (2015 = 100)",,2007,February,80.365896,Figure from external organization,2007-02-01
233,854,Burkina Faso,23012,"Consumer Prices, General Indices (2015 = 100)",,2007,February,80.365896,Value from external organization,2007-02-01
233,854,Burkina Faso,23012,"Consumer Prices, General Indices (2015 = 100)",,2007,March,80.365896,Figure from external organization,2007-03-01
233,854,Burkina Faso,23012,"Consumer Prices, General Indices (2015 = 100)",,2007,March,80.365896,Value from external organization,2007-03-01
233,854,Burkina Faso,23012,"Consumer Prices, General Indices (2015 = 100)",,2007,April,80.627036,Figure from external organization,2007-04-01
233,854,Burkina Faso,23012,"Consumer Prices, General Indices (2015 = 100)",,2007,April,80.627036,Value from external organization,2007-04-01
233,854,Burkina Faso,23012,"Consumer Prices, General Indices (2015 = 100)",,2007,May,81.802167,Figure from external organization,2007-05-01
233,854,Burkina Faso,23012,"Consumer Prices, General Indices (2015 = 100)",,2007,May,81.802167,Value from external organization,2007-05-01
233,854,Burkina Faso,23012,"Consumer Prices, General Indices (2015 = 100)",,2007,June,82.455017,Figure from external organization,2007-06-01
233,854,Burkina Faso,23012,"Consumer Prices, General Indices (2015 = 100)",,2007,June,82.455017,Value from external organization,2007-06-01
233,854,Burkina Faso,23012,"Consumer Prices, General Indices (2015 = 100)",,2007,July,83.434293,Figure from external organization,2007-07-01
233,854,Burkina Faso,23012,"Consumer Prices, General Indices (2015 = 100)",,2007,July,83.434293,Value from external organization,2007-07-01
233,854,Burkina Faso,23012,"Consumer Prices, General Indices (2015 = 100)",,2007,August,82.912012,Figure from external organization,2007-08-01
233,854,Burkina Faso,23012,"Consumer Prices, General Indices (2015 = 100)",,2007,August,82.912012,Value from external organization,2007-08-01
233,854,Burkina Faso,23012,"Consumer Prices, General Indices (2015 = 100)",,2007,September,83.238438,Figure from external organization,2007-09-01
233,854,Burkina Faso,23012,"Consumer Prices, General Indices (2015 = 100)",,2007,September,83.238438,Value from external organization,2007-09-01
233,854,Burkina Faso,23012,"Consumer Prices, General Indices (2015 = 100)",,2007,October,84.217713,Figure from external organization,2007-10-01
233,854,Burkina Faso,23012,"Consumer Prices, General Indices (2015 = 100)",,2007,October,84.217713,Value from external organization,2007-10-01
233,854,Burkina Faso,23012,"Consumer Prices, General Indices (2015 = 100)",,2007,November,84.935849,Figure from external organization,2007-11-01
233,854,Burkina Faso,23012,"Consumer Prices, General Indices (2015 = 100)",,2007,November,84.935849,Value from external organization,2007-11-01
233,854,Burkina Faso,23012,"Consumer Prices, General Indices (2015 = 100)",,2007,December,83.695433,Figure from external organization,2007-12-01
233,854,Burkina Faso,23012,"Consumer Prices, General Indices (2015 = 100)",,2007,December,83.695433,Value from external organization,2007-12-01
233,854,Burkina Faso,23012,"Consumer Prices, General Indices (2015 = 100)",,2008,January,85.98041,Figure from external organization,2008-01-01
233,854,Burkina Faso,23012,"Consumer Prices, General Indices (2015 = 100)",,2008,January,85.98041,Value from external organization,2008-01-01
233,854,Burkina Faso,23012,"Consumer Prices, General Indices (2015 = 100)",,2008,February,86.045695,Figure from external organization,2008-02-01
233,854,Burkina Faso,23012,"Consumer Prices, General Indices (2015 = 100)",,2008,February,86.045695,Value from external organization,2008-02-01
233,854,Burkina Faso,23012,"Consumer Prices, General Indices (2015 = 100)",,2008,March,86.37212,Figure from external organization,2008-03-01
233,854,Burkina Faso,23012,"Consumer Prices, General Indices (2015 = 100)",,2008,March,86.37212,Value from external organization,2008-03-01
233,854,Burkina Faso,23012,"Consumer Prices, General Indices (2015 = 100)",,2008,April,86.829115,Figure from external organization,2008-04-01
233,854,Burkina Faso,23012,"Consumer Prices, General Indices (2015 = 100)",,2008,April,86.829115,Value from external organization,2008-04-01
233,854,Burkina Faso,23012,"Consumer Prices, General Indices (2015 = 100)",,2008,May,90.746218,Figure from external organization,2008-05-01
233,854,Burkina Faso,23012,"Consumer Prices, General Indices (2015 = 100)",,2008,May,90.746218,Value from external organization,2008-05-01
233,854,Burkina Faso,23012,"Consumer Prices, General Indices (2015 = 100)",,2008,June,94.859176,Figure from external organization,2008-06-01
233,854,Burkina Faso,23012,"Consumer Prices, General Indices (2015 = 100)",,2008,June,94.859176,Value from external organization,2008-06-01
233,854,Burkina Faso,23012,"Consumer Prices, General Indices (2015 = 100)",,2008,July,92.96591,Figure from external organization,2008-07-01
233,854,Burkina Faso,23012,"Consumer Prices, General Indices (2015 = 100)",,2008,July,92.96591,Value from external organization,2008-07-01
233,854,Burkina Faso,23012,"Consumer Prices, General Indices (2015 = 100)",,2008,August,94.467466,Figure from external organization,2008-08-01
233,854,Burkina Faso,23012,"Consumer Prices, General Indices (2015 = 100)",,2008,August,94.467466,Value from external organization,2008-08-01
233,854,Burkina Faso,23012,"Consumer Prices, General Indices (2015 = 100)",,2008,September,94.141041,Figure from external organization,2008-09-01
233,854,Burkina Faso,23012,"Consumer Prices, General Indices (2015 = 100)",,2008,September,94.141041,Value from external organization,2008-09-01
233,854,Burkina Faso,23012,"Consumer Prices, General Indices (2015 = 100)",,2008,October,94.336896,Figure from external organization,2008-10-01
233,854,Burkina Faso,23012,"Consumer Prices, General Indices (2015 = 100)",,2008,October,94.336896,Value from external organization,2008-10-01
233,854,Burkina Faso,23012,"Consumer Prices, General Indices (2015 = 100)",,2008,November,93.684046,Figure from external organization,2008-11-01
233,854,Burkina Faso,23012,"Consumer Prices, General Indices (2015 = 100)",,2008,November,93.684046,Value from external organization,2008-11-01
233,854,Burkina Faso,23012,"Consumer Prices, General Indices (2015 = 100)",,2008,December,93.422905,Figure from external organization,2008-12-01
233,854,Burkina Faso,23012,"Consumer Prices, General Indices (2015 = 100)",,2008,December,93.422905,Value from external organization,2008-12-01
233,854,Burkina Faso,23012,"Consumer Prices, General Indices (2015 = 100)",,2009,January,92.988402,Figure from external organization,2009-01-01
233,854,Burkina Faso,23012,"Consumer Prices, General Indices (2015 = 100)",,2009,January,92.988402,Value from external organization,2009-01-01
233,854,Burkina Faso,23012,"Consumer Prices, General Indices (2015 = 100)",,2009,February,93.445829,Figure from external organization,2009-02-01
233,854,Burkina Faso,23012,"Consumer Prices, General Indices (2015 = 100)",,2009,February,93.445829,Value from external organization,2009-02-01
233,854,Burkina Faso,23012,"Consumer Prices, General Indices (2015 = 100)",,2009,March,92.400281,Figure from external organization,2009-03-01
233,854,Burkina Faso,23012,"Consumer Prices, General Indices (2015 = 100)",,2009,March,92.400281,Value from external organization,2009-03-01
233,854,Burkina Faso,23012,"Consumer Prices, General Indices (2015 = 100)",,2009,April,92.585452,Figure from external organization,2009-04-01
233,854,Burkina Faso,23012,"Consumer Prices, General Indices (2015 = 100)",,2009,April,92.585452,Value from external organization,2009-04-01
233,854,Burkina Faso,23012,"Consumer Prices, General Indices (2015 = 100)",,2009,May,92.955794,Figure from external organization,2009-05-01
233,854,Burkina Faso,23012,"Consumer Prices, General Indices (2015 = 100)",,2009,May,92.955794,Value from external organization,2009-05-01
233,854,Burkina Faso,23012,"Consumer Prices, General Indices (2015 = 100)",,2009,June,92.863208,Figure from external organization,2009-06-01
233,854,Burkina Faso,23012,"Consumer Prices, General Indices (2015 = 100)",,2009,June,92.863208,Value from external organization,2009-06-01
233,854,Burkina Faso,23012,"Consumer Prices, General Indices (2015 = 100)",,2009,July,95.455601,Figure from external organization,2009-07-01
233,854,Burkina Faso,23012,"Consumer Prices, General Indices (2015 = 100)",,2009,July,95.455601,Value from external organization,2009-07-01
233,854,Burkina Faso,23012,"Consumer Prices, General Indices (2015 = 100)",,2009,August,95.085259,Figure from external organization,2009-08-01
233,854,Burkina Faso,23012,"Consumer Prices, General Indices (2015 = 100)",,2009,August,95.085259,Value from external organization,2009-08-01
233,854,Burkina Faso,23012,"Consumer Prices, General Indices (2015 = 100)",,2009,September,93.881648,Figure from external organization,2009-09-01
233,854,Burkina Faso,23012,"Consumer Prices, General Indices (2015 = 100)",,2009,September,93.881648,Value from external organization,2009-09-01
233,854,Burkina Faso,23012,"Consumer Prices, General Indices (2015 = 100)",,2009,October,94.159405,Figure from external organization,2009-10-01
233,854,Burkina Faso,23012,"Consumer Prices, General Indices (2015 = 100)",,2009,October,94.159405,Value from external organization,2009-10-01
233,854,Burkina Faso,23012,"Consumer Prices, General Indices (2015 = 100)",,2009,November,93.418721,Figure from external organization,2009-11-01
233,854,Burkina Faso,23012,"Consumer Prices, General Indices (2015 = 100)",,2009,November,93.418721,Value from external organization,2009-11-01
233,854,Burkina Faso,23012,"Consumer Prices, General Indices (2015 = 100)",,2009,December,93.140965,Figure from external organization,2009-12-01
233,854,Burkina Faso,23012,"Consumer Prices, General Indices (2015 = 100)",,2009,December,93.140965,Value from external organization,2009-12-01
233,854,Burkina Faso,23012,"Consumer Prices, General Indices (2015 = 100)",,2010,January,92.445648,Figure from external organization,2010-01-01
233,854,Burkina Faso,23012,"Consumer Prices, General Indices (2015 = 100)",,2010,January,92.445648,Value from external organization,2010-01-01
233,854,Burkina Faso,23012,"Consumer Prices, General Indices (2015 = 100)",,2010,February,92.538465,Figure from external organization,2010-02-01
233,854,Burkina Faso,23012,"Consumer Prices, General Indices (2015 = 100)",,2010,February,92.538465,Value from external organization,2010-02-01
233,854,Burkina Faso,23012,"Consumer Prices, General Indices (2015 = 100)",,2010,March,91.981563,Figure from external organization,2010-03-01
233,854,Burkina Faso,23012,"Consumer Prices, General Indices (2015 = 100)",,2010,March,91.981563,Value from external organization,2010-03-01
233,854,Burkina Faso,23012,"Consumer Prices, General Indices (2015 = 100)",,2010,April,92.167197,Figure from external organization,2010-04-01
233,854,Burkina Faso,23012,"Consumer Prices, General Indices (2015 = 100)",,2010,April,92.167197,Value from external organization,2010-04-01
233,854,Burkina Faso,23012,"Consumer Prices, General Indices (2015 = 100)",,2010,May,92.909733,Figure from external organization,2010-05-01
233,854,Burkina Faso,23012,"Consumer Prices, General Indices (2015 = 100)",,2010,May,92.909733,Value from external organization,2010-05-01
233,854,Burkina Faso,23012,"Consumer Prices, General Indices (2015 = 100)",,2010,June,93.466634,Figure from external organization,2010-06-01
233,854,Burkina Faso,23012,"Consumer Prices, General Indices (2015 = 100)",,2010,June,93.466634,Value from external organization,2010-06-01
233,854,Burkina Faso,23012,"Consumer Prices, General Indices (2015 = 100)",,2010,July,93.745085,Figure from external organization,2010-07-01
233,854,Burkina Faso,23012,"Consumer Prices, General Indices (2015 = 100)",,2010,July,93.745085,Value from external organization,2010-07-01
233,854,Burkina Faso,23012,"Consumer Prices, General Indices (2015 = 100)",,2010,August,93.930719,Figure from external organization,2010-08-01
233,854,Burkina Faso,23012,"Consumer Prices, General Indices (2015 = 100)",,2010,August,93.930719,Value from external organization,2010-08-01
233,854,Burkina Faso,23012,"Consumer Prices, General Indices (2015 = 100)",,2010,September,92.538465,Figure from external organization,2010-09-01
233,854,Burkina Faso,23012,"Consumer Prices, General Indices (2015 = 100)",,2010,September,92.538465,Value from external organization,2010-09-01
233,854,Burkina Faso,23012,"Consumer Prices, General Indices (2015 = 100)",,2010,October,92.724099,Figure from external organization,2010-10-01
233,854,Burkina Faso,23012,"Consumer Prices, General Indices (2015 = 100)",,2010,October,92.724099,Value from external organization,2010-10-01
233,854,Burkina Faso,23012,"Consumer Prices, General Indices (2015 = 100)",,2010,November,92.631282,Figure from external organization,2010-11-01
233,854,Burkina Faso,23012,"Consumer Prices, General Indices (2015 = 100)",,2010,November,92.631282,Value from external organization,2010-11-01
233,854,Burkina Faso,23012,"Consumer Prices, General Indices (2015 = 100)",,2010,December,92.816916,Figure from external organization,2010-12-01
233,854,Burkina Faso,23012,"Consumer Prices, General Indices (2015 = 100)",,2010,December,92.816916,Value from external organization,2010-12-01
233,854,Burkina Faso,23012,"Consumer Prices, General Indices (2015 = 100)",,2011,January,93.466634,Figure from external organization,2011-01-01
233,854,Burkina Faso,23012,"Consumer Prices, General Indices (2015 = 100)",,2011,January,93.466634,Value from external organization,2011-01-01
233,854,Burkina Faso,23012,"Consumer Prices, General Indices (2015 = 100)",,2011,February,92.816916,Figure from external organization,2011-02-01
233,854,Burkina Faso,23012,"Consumer Prices, General Indices (2015 = 100)",,2011,February,92.816916,Value from external organization,2011-02-01
233,854,Burkina Faso,23012,"Consumer Prices, General Indices (2015 = 100)",,2011,March,93.095366,Figure from external organization,2011-03-01
233,854,Burkina Faso,23012,"Consumer Prices, General Indices (2015 = 100)",,2011,March,93.095366,Value from external organization,2011-03-01
233,854,Burkina Faso,23012,"Consumer Prices, General Indices (2015 = 100)",,2011,April,93.652268,Figure from external organization,2011-04-01
233,854,Burkina Faso,23012,"Consumer Prices, General Indices (2015 = 100)",,2011,April,93.652268,Value from external organization,2011-04-01
233,854,Burkina Faso,23012,"Consumer Prices, General Indices (2015 = 100)",,2011,May,94.48762,Figure from external organization,2011-05-01
233,854,Burkina Faso,23012,"Consumer Prices, General Indices (2015 = 100)",,2011,May,94.48762,Value from external organization,2011-05-01
233,854,Burkina Faso,23012,"Consumer Prices, General Indices (2015 = 100)",,2011,June,95.787057,Figure from external organization,2011-06-01
233,854,Burkina Faso,23012,"Consumer Prices, General Indices (2015 = 100)",,2011,June,95.787057,Value from external organization,2011-06-01
233,854,Burkina Faso,23012,"Consumer Prices, General Indices (2015 = 100)",,2011,July,96.251142,Figure from external organization,2011-07-01
233,854,Burkina Faso,23012,"Consumer Prices, General Indices (2015 = 100)",,2011,July,96.251142,Value from external organization,2011-07-01
233,854,Burkina Faso,23012,"Consumer Prices, General Indices (2015 = 100)",,2011,August,96.622409,Figure from external organization,2011-08-01
233,854,Burkina Faso,23012,"Consumer Prices, General Indices (2015 = 100)",,2011,August,96.622409,Value from external organization,2011-08-01
233,854,Burkina Faso,23012,"Consumer Prices, General Indices (2015 = 100)",,2011,September,96.158325,Figure from external organization,2011-09-01
233,854,Burkina Faso,23012,"Consumer Prices, General Indices (2015 = 100)",,2011,September,96.158325,Value from external organization,2011-09-01
233,854,Burkina Faso,23012,"Consumer Prices, General Indices (2015 = 100)",,2011,October,97.086494,Figure from external organization,2011-10-01
233,854,Burkina Faso,23012,"Consumer Prices, General Indices (2015 = 100)",,2011,October,97.086494,Value from external organization,2011-10-01
233,854,Burkina Faso,23012,"Consumer Prices, General Indices (2015 = 100)",,2011,November,97.086494,Figure from external organization,2011-11-01
233,854,Burkina Faso,23012,"Consumer Prices, General Indices (2015 = 100)",,2011,November,97.086494,Value from external organization,2011-11-01
233,854,Burkina Faso,23012,"Consumer Prices, General Indices (2015 = 100)",,2011,December,97.550578,Figure from external organization,2011-12-01
233,854,Burkina Faso,23012,"Consumer Prices, General Indices (2015 = 100)",,2011,December,97.550578,Value from external organization,2011-12-01
233,854,Burkina Faso,23012,"Consumer Prices, General Indices (2015 = 100)",,2012,January,96.065508,Figure from external organization,2012-01-01
233,854,Burkina Faso,23012,"Consumer Prices, General Indices (2015 = 100)",,2012,January,96.065508,Value from external organization,2012-01-01
233,854,Burkina Faso,23012,"Consumer Prices, General Indices (2015 = 100)",,2012,February,96.343959,Figure from external organization,2012-02-01
233,854,Burkina Faso,23012,"Consumer Prices, General Indices (2015 = 100)",,2012,February,96.343959,Value from external organization,2012-02-01
233,854,Burkina Faso,23012,"Consumer Prices, General Indices (2015 = 100)",,2012,March,96.343959,Figure from external organization,2012-03-01
233,854,Burkina Faso,23012,"Consumer Prices, General Indices (2015 = 100)",,2012,March,96.343959,Value from external organization,2012-03-01
233,854,Burkina Faso,23012,"Consumer Prices, General Indices (2015 = 100)",,2012,April,97.179311,Figure from external organization,2012-04-01
233,854,Burkina Faso,23012,"Consumer Prices, General Indices (2015 = 100)",,2012,April,97.179311,Value from external organization,2012-04-01
233,854,Burkina Faso,23012,"Consumer Prices, General Indices (2015 = 100)",,2012,May,98.478748,Figure from external organization,2012-05-01
233,854,Burkina Faso,23012,"Consumer Prices, General Indices (2015 = 100)",,2012,May,98.478748,Value from external organization,2012-05-01
233,854,Burkina Faso,23012,"Consumer Prices, General Indices (2015 = 100)",,2012,June,99.128466,Figure from external organization,2012-06-01
233,854,Burkina Faso,23012,"Consumer Prices, General Indices (2015 = 100)",,2012,June,99.128466,Value from external organization,2012-06-01
233,854,Burkina Faso,23012,"Consumer Prices, General Indices (2015 = 100)",,2012,July,100.706354,Figure from external organization,2012-07-01
233,854,Burkina Faso,23012,"Consumer Prices, General Indices (2015 = 100)",,2012,July,100.706354,Value from external organization,2012-07-01
233,854,Burkina Faso,23012,"Consumer Prices, General Indices (2015 = 100)",,2012,August,100.52072,Figure from external organization,2012-08-01
233,854,Burkina Faso,23012,"Consumer Prices, General Indices (2015 = 100)",,2012,August,100.52072,Value from external organization,2012-08-01
233,854,Burkina Faso,23012,"Consumer Prices, General Indices (2015 = 100)",,2012,September,101.448889,Figure from external organization,2012-09-01
233,854,Burkina Faso,23012,"Consumer Prices, General Indices (2015 = 100)",,2012,September,101.448889,Value from external organization,2012-09-01
233,854,Burkina Faso,23012,"Consumer Prices, General Indices (2015 = 100)",,2012,October,101.356072,Figure from external organization,2012-10-01
233,854,Burkina Faso,23012,"Consumer Prices, General Indices (2015 = 100)",,2012,October,101.356072,Value from external organization,2012-10-01
233,854,Burkina Faso,23012,"Consumer Prices, General Indices (2015 = 100)",,2012,November,101.170438,Figure from external organization,2012-11-01
233,854,Burkina Faso,23012,"Consumer Prices, General Indices (2015 = 100)",,2012,November,101.170438,Value from external organization,2012-11-01
233,854,Burkina Faso,23012,"Consumer Prices, General Indices (2015 = 100)",,2012,December,99.128466,Figure from external organization,2012-12-01
233,854,Burkina Faso,23012,"Consumer Prices, General Indices (2015 = 100)",,2012,December,99.128466,Value from external organization,2012-12-01
233,854,Burkina Faso,23012,"Consumer Prices, General Indices (2015 = 100)",,2013,January,98.478748,Figure from external organization,2013-01-01
233,854,Burkina Faso,23012,"Consumer Prices, General Indices (2015 = 100)",,2013,January,98.478748,Value from external organization,2013-01-01
233,854,Burkina Faso,23012,"Consumer Prices, General Indices (2015 = 100)",,2013,February,98.757198,Figure from external organization,2013-02-01
233,854,Burkina Faso,23012,"Consumer Prices, General Indices (2015 = 100)",,2013,February,98.757198,Value from external organization,2013-02-01
233,854,Burkina Faso,23012,"Consumer Prices, General Indices (2015 = 100)",,2013,March,98.757198,Figure from external organization,2013-03-01
233,854,Burkina Faso,23012,"Consumer Prices, General Indices (2015 = 100)",,2013,March,98.757198,Value from external organization,2013-03-01
233,854,Burkina Faso,23012,"Consumer Prices, General Indices (2015 = 100)",,2013,April,99.499734,Figure from external organization,2013-04-01
233,854,Burkina Faso,23012,"Consumer Prices, General Indices (2015 = 100)",,2013,April,99.499734,Value from external organization,2013-04-01
233,854,Burkina Faso,23012,"Consumer Prices, General Indices (2015 = 100)",,2013,May,99.592551,Figure from external organization,2013-05-01
233,854,Burkina Faso,23012,"Consumer Prices, General Indices (2015 = 100)",,2013,May,99.592551,Value from external organization,2013-05-01
233,854,Burkina Faso,23012,"Consumer Prices, General Indices (2015 = 100)",,2013,June,100.984804,Figure from external organization,2013-06-01
233,854,Burkina Faso,23012,"Consumer Prices, General Indices (2015 = 100)",,2013,June,100.984804,Value from external organization,2013-06-01
233,854,Burkina Faso,23012,"Consumer Prices, General Indices (2015 = 100)",,2013,July,101.448889,Figure from external organization,2013-07-01
233,854,Burkina Faso,23012,"Consumer Prices, General Indices (2015 = 100)",,2013,July,101.448889,Value from external organization,2013-07-01
233,854,Burkina Faso,23012,"Consumer Prices, General Indices (2015 = 100)",,2013,August,99.871001,Figure from external organization,2013-08-01
233,854,Burkina Faso,23012,"Consumer Prices, General Indices (2015 = 100)",,2013,August,99.871001,Value from external organization,2013-08-01
233,854,Burkina Faso,23012,"Consumer Prices, General Indices (2015 = 100)",,2013,September,99.128466,Figure from external organization,2013-09-01
233,854,Burkina Faso,23012,"Consumer Prices, General Indices (2015 = 100)",,2013,September,99.128466,Value from external organization,2013-09-01
233,854,Burkina Faso,23012,"Consumer Prices, General Indices (2015 = 100)",,2013,October,98.942832,Figure from external organization,2013-10-01
233,854,Burkina Faso,23012,"Consumer Prices, General Indices (2015 = 100)",,2013,October,98.942832,Value from external organization,2013-10-01
233,854,Burkina Faso,23012,"Consumer Prices, General Indices (2015 = 100)",,2013,November,99.871001,Figure from external organization,2013-11-01
233,854,Burkina Faso,23012,"Consumer Prices, General Indices (2015 = 100)",,2013,November,99.871001,Value from external organization,2013-11-01
233,854,Burkina Faso,23012,"Consumer Prices, General Indices (2015 = 100)",,2013,December,99.3141,Figure from external organization,2013-12-01
233,854,Burkina Faso,23012,"Consumer Prices, General Indices (2015 = 100)",,2013,December,99.3141,Value from external organization,2013-12-01
233,854,Burkina Faso,23012,"Consumer Prices, General Indices (2015 = 100)",,2014,January,98.478748,Figure from external organization,2014-01-01
233,854,Burkina Faso,23012,"Consumer Prices, General Indices (2015 = 100)",,2014,January,98.478748,Value from external organization,2014-01-01
233,854,Burkina Faso,23012,"Consumer Prices, General Indices (2015 = 100)",,2014,February,98.014663,Figure from external organization,2014-02-01
233,854,Burkina Faso,23012,"Consumer Prices, General Indices (2015 = 100)",,2014,February,98.014663,Value from external organization,2014-02-01
233,854,Burkina Faso,23012,"Consumer Prices, General Indices (2015 = 100)",,2014,March,98.757198,Figure from external organization,2014-03-01
233,854,Burkina Faso,23012,"Consumer Prices, General Indices (2015 = 100)",,2014,March,98.757198,Value from external organization,2014-03-01
233,854,Burkina Faso,23012,"Consumer Prices, General Indices (2015 = 100)",,2014,April,97.457762,Figure from external organization,2014-04-01
233,854,Burkina Faso,23012,"Consumer Prices, General Indices (2015 = 100)",,2014,April,97.457762,Value from external organization,2014-04-01
233,854,Burkina Faso,23012,"Consumer Prices, General Indices (2015 = 100)",,2014,May,99.406917,Figure from external organization,2014-05-01
233,854,Burkina Faso,23012,"Consumer Prices, General Indices (2015 = 100)",,2014,May,99.406917,Value from external organization,2014-05-01
233,854,Burkina Faso,23012,"Consumer Prices, General Indices (2015 = 100)",,2014,June,100.52072,Figure from external organization,2014-06-01
233,854,Burkina Faso,23012,"Consumer Prices, General Indices (2015 = 100)",,2014,June,100.52072,Value from external organization,2014-06-01
233,854,Burkina Faso,23012,"Consumer Prices, General Indices (2015 = 100)",,2014,July,100.335086,Figure from external organization,2014-07-01
233,854,Burkina Faso,23012,"Consumer Prices, General Indices (2015 = 100)",,2014,July,100.335086,Value from external organization,2014-07-01
233,854,Burkina Faso,23012,"Consumer Prices, General Indices (2015 = 100)",,2014,August,100.056635,Figure from external organization,2014-08-01
233,854,Burkina Faso,23012,"Consumer Prices, General Indices (2015 = 100)",,2014,August,100.056635,Value from external organization,2014-08-01
233,854,Burkina Faso,23012,"Consumer Prices, General Indices (2015 = 100)",,2014,September,100.056635,Figure from external organization,2014-09-01
233,854,Burkina Faso,23012,"Consumer Prices, General Indices (2015 = 100)",,2014,September,100.056635,Value from external organization,2014-09-01
233,854,Burkina Faso,23012,"Consumer Prices, General Indices (2015 = 100)",,2014,October,99.685367,Figure from external organization,2014-10-01
233,854,Burkina Faso,23012,"Consumer Prices, General Indices (2015 = 100)",,2014,October,99.685367,Value from external organization,2014-10-01
233,854,Burkina Faso,23012,"Consumer Prices, General Indices (2015 = 100)",,2014,November,99.499734,Figure from external organization,2014-11-01
233,854,Burkina Faso,23012,"Consumer Prices, General Indices (2015 = 100)",,2014,November,99.499734,Value from external organization,2014-11-01
233,854,Burkina Faso,23012,"Consumer Prices, General Indices (2015 = 100)",,2014,December,99.128466,Figure from external organization,2014-12-01
233,854,Burkina Faso,23012,"Consumer Prices, General Indices (2015 = 100)",,2014,December,99.128466,Value from external organization,2014-12-01
233,854,Burkina Faso,23012,"Consumer Prices, General Indices (2015 = 100)",,2015,January,98.200297,Figure from external organization,2015-01-01
233,854,Burkina Faso,23012,"Consumer Prices, General Indices (2015 = 100)",,2015,January,98.200297,Value from external organization,2015-01-01
233,854,Burkina Faso,23012,"Consumer Prices, General Indices (2015 = 100)",,2015,February,98.293114,Figure from external organization,2015-02-01
233,854,Burkina Faso,23012,"Consumer Prices, General Indices (2015 = 100)",,2015,February,98.293114,Value from external organization,2015-02-01
233,854,Burkina Faso,23012,"Consumer Prices, General Indices (2015 = 100)",,2015,March,98.200297,Figure from external organization,2015-03-01
233,854,Burkina Faso,23012,"Consumer Prices, General Indices (2015 = 100)",,2015,March,98.200297,Value from external organization,2015-03-01
233,854,Burkina Faso,23012,"Consumer Prices, General Indices (2015 = 100)",,2015,April,98.200297,Figure from external organization,2015-04-01
233,854,Burkina Faso,23012,"Consumer Prices, General Indices (2015 = 100)",,2015,April,98.200297,Value from external organization,2015-04-01
233,854,Burkina Faso,23012,"Consumer Prices, General Indices (2015 = 100)",,2015,May,99.128466,Figure from external organization,2015-05-01
233,854,Burkina Faso,23012,"Consumer Prices, General Indices (2015 = 100)",,2015,May,99.128466,Value from external organization,2015-05-01
233,854,Burkina Faso,23012,"Consumer Prices, General Indices (2015 = 100)",,2015,June,101.448889,Figure from external organization,2015-06-01
233,854,Burkina Faso,23012,"Consumer Prices, General Indices (2015 = 100)",,2015,June,101.448889,Value from external organization,2015-06-01
233,854,Burkina Faso,23012,"Consumer Prices, General Indices (2015 = 100)",,2015,July,101.448889,Figure from external organization,2015-07-01
233,854,Burkina Faso,23012,"Consumer Prices, General Indices (2015 = 100)",,2015,July,101.448889,Value from external organization,2015-07-01
233,854,Burkina Faso,23012,"Consumer Prices, General Indices (2015 = 100)",,2015,August,101.72734,Figure from external organization,2015-08-01
233,854,Burkina Faso,23012,"Consumer Prices, General Indices (2015 = 100)",,2015,August,101.72734,Value from external organization,2015-08-01
233,854,Burkina Faso,23012,"Consumer Prices, General Indices (2015 = 100)",,2015,September,100.149452,Figure from external organization,2015-09-01
233,854,Burkina Faso,23012,"Consumer Prices, General Indices (2015 = 100)",,2015,September,100.149452,Value from external organization,2015-09-01
233,854,Burkina Faso,23012,"Consumer Prices, General Indices (2015 = 100)",,2015,October,101.448889,Figure from external organization,2015-10-01
233,854,Burkina Faso,23012,"Consumer Prices, General Indices (2015 = 100)",,2015,October,101.448889,Value from external organization,2015-10-01
233,854,Burkina Faso,23012,"Consumer Prices, General Indices (2015 = 100)",,2015,November,100.79917,Figure from external organization,2015-11-01
233,854,Burkina Faso,23012,"Consumer Prices, General Indices (2015 = 100)",,2015,November,100.79917,Value from external organization,2015-11-01
233,854,Burkina Faso,23012,"Consumer Prices, General Indices (2015 = 100)",,2015,December,101.077621,Figure from external organization,2015-12-01
233,854,Burkina Faso,23012,"Consumer Prices, General Indices (2015 = 100)",,2015,December,101.077621,Value from external organization,2015-12-01
233,854,Burkina Faso,23012,"Consumer Prices, General Indices (2015 = 100)",,2016,January,98.385931,Figure from external organization,2016-01-01
233,854,Burkina Faso,23012,"Consumer Prices, General Indices (2015 = 100)",,2016,January,98.385931,Value from external organization,2016-01-01
233,854,Burkina Faso,23012,"Consumer Prices, General Indices (2015 = 100)",,2016,February,98.942832,Figure from external organization,2016-02-01
233,854,Burkina Faso,23012,"Consumer Prices, General Indices (2015 = 100)",,2016,February,98.942832,Value from external organization,2016-02-01
233,854,Burkina Faso,23012,"Consumer Prices, General Indices (2015 = 100)",,2016,March,99.221283,Figure from external organization,2016-03-01
233,854,Burkina Faso,23012,"Consumer Prices, General Indices (2015 = 100)",,2016,March,99.221283,Value from external organization,2016-03-01
233,854,Burkina Faso,23012,"Consumer Prices, General Indices (2015 = 100)",,2016,April,99.592551,Figure from external organization,2016-04-01
233,854,Burkina Faso,23012,"Consumer Prices, General Indices (2015 = 100)",,2016,April,99.592551,Value from external organization,2016-04-01
233,854,Burkina Faso,23012,"Consumer Prices, General Indices (2015 = 100)",,2016,May,100.242269,Figure from external organization,2016-05-01
233,854,Burkina Faso,23012,"Consumer Prices, General Indices (2015 = 100)",,2016,May,100.242269,Value from external organization,2016-05-01
233,854,Burkina Faso,23012,"Consumer Prices, General Indices (2015 = 100)",,2016,June,100.427903,Figure from external organization,2016-06-01
233,854,Burkina Faso,23012,"Consumer Prices, General Indices (2015 = 100)",,2016,June,100.427903,Value from external organization,2016-06-01
233,854,Burkina Faso,23012,"Consumer Prices, General Indices (2015 = 100)",,2016,July,100.335086,Figure from external organization,2016-07-01
233,854,Burkina Faso,23012,"Consumer Prices, General Indices (2015 = 100)",,2016,July,100.335086,Value from external organization,2016-07-01
233,854,Burkina Faso,23012,"Consumer Prices, General Indices (2015 = 100)",,2016,August,100.984804,Figure from external organization,2016-08-01
233,854,Burkina Faso,23012,"Consumer Prices, General Indices (2015 = 100)",,2016,August,100.984804,Value from external organization,2016-08-01
233,854,Burkina Faso,23012,"Consumer Prices, General Indices (2015 = 100)",,2016,September,103.119593,Figure from external organization,2016-09-01
233,854,Burkina Faso,23012,"Consumer Prices, General Indices (2015 = 100)",,2016,September,103.119593,Value from external organization,2016-09-01
233,854,Burkina Faso,23012,"Consumer Prices, General Indices (2015 = 100)",,2016,October,102.00579,Figure from external organization,2016-10-01
233,854,Burkina Faso,23012,"Consumer Prices, General Indices (2015 = 100)",,2016,October,102.00579,Value from external organization,2016-10-01
233,854,Burkina Faso,23012,"Consumer Prices, General Indices (2015 = 100)",,2016,November,101.448889,Figure from external organization,2016-11-01
233,854,Burkina Faso,23012,"Consumer Prices, General Indices (2015 = 100)",,2016,November,101.448889,Value from external organization,2016-11-01
233,854,Burkina Faso,23012,"Consumer Prices, General Indices (2015 = 100)",,2016,December,100.79917,Figure from external organization,2016-12-01
233,854,Burkina Faso,23012,"Consumer Prices, General Indices (2015 = 100)",,2016,December,100.79917,Value from external organization,2016-12-01
233,854,Burkina Faso,23012,"Consumer Prices, General Indices (2015 = 100)",,2017,January,100.056635,Figure from external organization,2017-01-01
233,854,Burkina Faso,23012,"Consumer Prices, General Indices (2015 = 100)",,2017,January,100.056635,Value from external organization,2017-01-01
233,854,Burkina Faso,23012,"Consumer Prices, General Indices (2015 = 100)",,2017,February,99.592551,Figure from external organization,2017-02-01
233,854,Burkina Faso,23012,"Consumer Prices, General Indices (2015 = 100)",,2017,February,99.592551,Value from external organization,2017-02-01
233,854,Burkina Faso,23012,"Consumer Prices, General Indices (2015 = 100)",,2017,March,101.077621,Figure from external organization,2017-03-01
233,854,Burkina Faso,23012,"Consumer Prices, General Indices (2015 = 100)",,2017,March,101.077621,Value from external organization,2017-03-01
233,854,Burkina Faso,23012,"Consumer Prices, General Indices (2015 = 100)",,2017,April,101.263255,Figure from external organization,2017-04-01
233,854,Burkina Faso,23012,"Consumer Prices, General Indices (2015 = 100)",,2017,April,101.263255,Value from external organization,2017-04-01
233,854,Burkina Faso,23012,"Consumer Prices, General Indices (2015 = 100)",,2017,May,102.469875,Figure from external organization,2017-05-01
233,854,Burkina Faso,23012,"Consumer Prices, General Indices (2015 = 100)",,2017,May,102.469875,Value from external organization,2017-05-01
233,854,Burkina Faso,23012,"Consumer Prices, General Indices (2015 = 100)",,2017,June,101.72734,Figure from external organization,2017-06-01
233,854,Burkina Faso,23012,"Consumer Prices, General Indices (2015 = 100)",,2017,June,101.72734,Value from external organization,2017-06-01
233,854,Burkina Faso,23012,"Consumer Prices, General Indices (2015 = 100)",,2017,July,103.398044,Figure from external organization,2017-07-01
233,854,Burkina Faso,23012,"Consumer Prices, General Indices (2015 = 100)",,2017,July,103.398044,Value from external organization,2017-07-01
233,854,Burkina Faso,23012,"Consumer Prices, General Indices (2015 = 100)",,2017,August,103.026776,Figure from external organization,2017-08-01
233,854,Burkina Faso,23012,"Consumer Prices, General Indices (2015 = 100)",,2017,August,103.026776,Value from external organization,2017-08-01
233,854,Burkina Faso,23012,"Consumer Prices, General Indices (2015 = 100)",,2017,September,103.490861,Figure from external organization,2017-09-01
233,854,Burkina Faso,23012,"Consumer Prices, General Indices (2015 = 100)",,2017,September,103.490861,Value from external organization,2017-09-01
233,854,Burkina Faso,23012,"Consumer Prices, General Indices (2015 = 100)",,2017,October,102.191424,Figure from external organization,2017-10-01
233,854,Burkina Faso,23012,"Consumer Prices, General Indices (2015 = 100)",,2017,October,102.191424,Value from external organization,2017-10-01
233,854,Burkina Faso,23012,"Consumer Prices, General Indices (2015 = 100)",,2017,November,102.562692,Figure from external organization,2017-11-01
233,854,Burkina Faso,23012,"Consumer Prices, General Indices (2015 = 100)",,2017,November,102.562692,Value from external organization,2017-11-01
233,854,Burkina Faso,23012,"Consumer Prices, General Indices (2015 = 100)",,2017,December,102.469875,Figure from external organization,2017-12-01
233,854,Burkina Faso,23012,"Consumer Prices, General Indices (2015 = 100)",,2017,December,102.469875,Value from external organization,2017-12-01
233,854,Burkina Faso,23012,"Consumer Prices, General Indices (2015 = 100)",,2018,January,102.00579,Figure from external organization,2018-01-01
233,854,Burkina Faso,23012,"Consumer Prices, General Indices (2015 = 100)",,2018,January,102.00579,Value from external organization,2018-01-01
233,854,Burkina Faso,23012,"Consumer Prices, General Indices (2015 = 100)",,2018,February,102.284241,Figure from external organization,2018-02-01
233,854,Burkina Faso,23012,"Consumer Prices, General Indices (2015 = 100)",,2018,February,102.284241,Value from external organization,2018-02-01
233,854,Burkina Faso,23012,"Consumer Prices, General Indices (2015 = 100)",,2018,March,102.655509,Figure from external organization,2018-03-01
233,854,Burkina Faso,23012,"Consumer Prices, General Indices (2015 = 100)",,2018,March,102.655509,Value from external organization,2018-03-01
233,854,Burkina Faso,23012,"Consumer Prices, General Indices (2015 = 100)",,2018,April,103.676495,Figure from external organization,2018-04-01
233,854,Burkina Faso,23012,"Consumer Prices, General Indices (2015 = 100)",,2018,April,103.676495,Value from external organization,2018-04-01
233,854,Burkina Faso,23012,"Consumer Prices, General Indices (2015 = 100)",,2018,May,104.047763,Figure from external organization,2018-05-01
233,854,Burkina Faso,23012,"Consumer Prices, General Indices (2015 = 100)",,2018,May,104.047763,Value from external organization,2018-05-01
233,854,Burkina Faso,23012,"Consumer Prices, General Indices (2015 = 100)",,2018,June,105.440016,Figure from external organization,2018-06-01
233,854,Burkina Faso,23012,"Consumer Prices, General Indices (2015 = 100)",,2018,June,105.440016,Value from external organization,2018-06-01
233,854,Burkina Faso,23012,"Consumer Prices, General Indices (2015 = 100)",,2018,July,106.275369,Figure from external organization,2018-07-01
233,854,Burkina Faso,23012,"Consumer Prices, General Indices (2015 = 100)",,2018,July,106.275369,Value from external organization,2018-07-01
233,854,Burkina Faso,23012,"Consumer Prices, General Indices (2015 = 100)",,2018,August,105.161566,Figure from external organization,2018-08-01
233,854,Burkina Faso,23012,"Consumer Prices, General Indices (2015 = 100)",,2018,August,105.161566,Value from external organization,2018-08-01
233,854,Burkina Faso,23012,"Consumer Prices, General Indices (2015 = 100)",,2018,September,105.532833,Figure from external organization,2018-09-01
233,854,Burkina Faso,23012,"Consumer Prices, General Indices (2015 = 100)",,2018,September,105.532833,Value from external organization,2018-09-01
233,854,Burkina Faso,23012,"Consumer Prices, General Indices (2015 = 100)",,2018,October,104.326213,Figure from external organization,2018-10-01
233,854,Burkina Faso,23012,"Consumer Prices, General Indices (2015 = 100)",,2018,October,104.326213,Value from external organization,2018-10-01
233,854,Burkina Faso,23012,"Consumer Prices, General Indices (2015 = 100)",,2018,November,102.841143,Figure from external organization,2018-11-01
233,854,Burkina Faso,23012,"Consumer Prices, General Indices (2015 = 100)",,2018,November,102.841143,Value from external organization,2018-11-01
233,854,Burkina Faso,23012,"Consumer Prices, General Indices (2015 = 100)",,2018,December,102.748326,Figure from external organization,2018-12-01
233,854,Burkina Faso,23012,"Consumer Prices, General Indices (2015 = 100)",,2018,December,102.748326,Value from external organization,2018-12-01
233,854,Burkina Faso,23012,"Consumer Prices, General Indices (2015 = 100)",,2019,January,100.52072,Figure from external organization,2019-01-01
233,854,Burkina Faso,23012,"Consumer Prices, General Indices (2015 = 100)",,2019,January,100.52072,Value from external organization,2019-01-01
233,854,Burkina Faso,23012,"Consumer Prices, General Indices (2015 = 100)",,2019,February,100.149452,Figure from external organization,2019-02-01
233,854,Burkina Faso,23012,"Consumer Prices, General Indices (2015 = 100)",,2019,February,100.149452,Value from external organization,2019-02-01
233,854,Burkina Faso,23012,"Consumer Prices, General Indices (2015 = 100)",,2019,March,100.613537,Figure from external organization,2019-03-01
233,854,Burkina Faso,23012,"Consumer Prices, General Indices (2015 = 100)",,2019,March,100.613537,Value from external organization,2019-03-01
233,854,Burkina Faso,23012,"Consumer Prices, General Indices (2015 = 100)",,2019,April,101.077621,Figure from external organization,2019-04-01
233,854,Burkina Faso,23012,"Consumer Prices, General Indices (2015 = 100)",,2019,April,101.077621,Value from external organization,2019-04-01
233,854,Burkina Faso,23012,"Consumer Prices, General Indices (2015 = 100)",,2019,May,101.634523,Figure from external organization,2019-05-01
233,854,Burkina Faso,23012,"Consumer Prices, General Indices (2015 = 100)",,2019,May,101.634523,Value from external organization,2019-05-01
233,854,Burkina Faso,23012,"Consumer Prices, General Indices (2015 = 100)",,2019,June,101.356072,Figure from external organization,2019-06-01
233,854,Burkina Faso,23012,"Consumer Prices, General Indices (2015 = 100)",,2019,June,101.356072,Value from external organization,2019-06-01
233,854,Burkina Faso,23012,"Consumer Prices, General Indices (2015 = 100)",,2019,July,101.541706,Figure from external organization,2019-07-01
233,854,Burkina Faso,23012,"Consumer Prices, General Indices (2015 = 100)",,2019,July,101.541706,Value from external organization,2019-07-01
233,854,Burkina Faso,23012,"Consumer Prices, General Indices (2015 = 100)",,2019,August,100.056635,Figure from external organization,2019-08-01
233,854,Burkina Faso,23012,"Consumer Prices, General Indices (2015 = 100)",,2019,August,100.056635,Value from external organization,2019-08-01
233,854,Burkina Faso,23012,"Consumer Prices, General Indices (2015 = 100)",,2019,September,99.871001,Figure from external organization,2019-09-01
233,854,Burkina Faso,23012,"Consumer Prices, General Indices (2015 = 100)",,2019,September,99.871001,Value from external organization,2019-09-01
233,854,Burkina Faso,23012,"Consumer Prices, General Indices (2015 = 100)",,2019,October,100.335086,Figure from external organization,2019-10-01
233,854,Burkina Faso,23012,"Consumer Prices, General Indices (2015 = 100)",,2019,October,100.335086,Value from external organization,2019-10-01
233,854,Burkina Faso,23012,"Consumer Prices, General Indices (2015 = 100)",,2019,November,99.592551,Figure from external organization,2019-11-01
233,854,Burkina Faso,23012,"Consumer Prices, General Indices (2015 = 100)",,2019,November,99.592551,Value from external organization,2019-11-01
233,854,Burkina Faso,23012,"Consumer Prices, General Indices (2015 = 100)",,2019,December,100.149452,Figure from external organization,2019-12-01
233,854,Burkina Faso,23012,"Consumer Prices, General Indices (2015 = 100)",,2019,December,100.149452,Value from external organization,2019-12-01
233,854,Burkina Faso,23012,"Consumer Prices, General Indices (2015 = 100)",,2020,January,99.592551,Figure from external organization,2020-01-01
233,854,Burkina Faso,23012,"Consumer Prices, General Indices (2015 = 100)",,2020,January,99.592551,Value from external organization,2020-01-01
233,854,Burkina Faso,23012,"Consumer Prices, General Indices (2015 = 100)",,2020,February,100.613537,Figure from external organization,2020-02-01
233,854,Burkina Faso,23012,"Consumer Prices, General Indices (2015 = 100)",,2020,February,100.613537,Value from external organization,2020-02-01
233,854,Burkina Faso,23012,"Consumer Prices, General Indices (2015 = 100)",,2020,March,100.335086,Figure from external organization,2020-03-01
233,854,Burkina Faso,23012,"Consumer Prices, General Indices (2015 = 100)",,2020,March,100.335086,Value from external organization,2020-03-01
233,854,Burkina Faso,23012,"Consumer Prices, General Indices (2015 = 100)",,2020,April,99.871001,Figure from external organization,2020-04-01
233,854,Burkina Faso,23012,"Consumer Prices, General Indices (2015 = 100)",,2020,April,99.871001,Value from external organization,2020-04-01
233,854,Burkina Faso,23012,"Consumer Prices, General Indices (2015 = 100)",,2020,May,103.769312,Figure from external organization,2020-05-01
233,854,Burkina Faso,23012,"Consumer Prices, General Indices (2015 = 100)",,2020,May,103.769312,Value from external organization,2020-05-01
233,854,Burkina Faso,23012,"Consumer Prices, General Indices (2015 = 100)",,2020,June,102.469875,Figure from external organization,2020-06-01
233,854,Burkina Faso,23012,"Consumer Prices, General Indices (2015 = 100)",,2020,June,102.469875,Value from external organization,2020-06-01
233,854,Burkina Faso,23012,"Consumer Prices, General Indices (2015 = 100)",,2020,July,102.93396,Figure from external organization,2020-07-01
233,854,Burkina Faso,23012,"Consumer Prices, General Indices (2015 = 100)",,2020,July,102.93396,Value from external organization,2020-07-01
233,854,Burkina Faso,23012,"Consumer Prices, General Indices (2015 = 100)",,2020,August,104.140579,Figure from external organization,2020-08-01
233,854,Burkina Faso,23012,"Consumer Prices, General Indices (2015 = 100)",,2020,August,104.140579,Value from external organization,2020-08-01
233,854,Burkina Faso,23012,"Consumer Prices, General Indices (2015 = 100)",,2020,September,104.326213,Figure from external organization,2020-09-01
233,854,Burkina Faso,23012,"Consumer Prices, General Indices (2015 = 100)",,2020,September,104.326213,Value from external organization,2020-09-01
233,854,Burkina Faso,23012,"Consumer Prices, General Indices (2015 = 100)",,2020,October,104.975932,Figure from external organization,2020-10-01
233,854,Burkina Faso,23012,"Consumer Prices, General Indices (2015 = 100)",,2020,October,104.975932,Value from external organization,2020-10-01
233,854,Burkina Faso,23012,"Consumer Prices, General Indices (2015 = 100)",,2020,November,104.140579,Figure from external organization,2020-11-01
233,854,Burkina Faso,23012,"Consumer Prices, General Indices (2015 = 100)",,2020,November,104.140579,Value from external organization,2020-11-01
233,854,Burkina Faso,23012,"Consumer Prices, General Indices (2015 = 100)",,2020,December,102.469875,Figure from external organization,2020-12-01
233,854,Burkina Faso,23012,"Consumer Prices, General Indices (2015 = 100)",,2020,December,102.469875,Value from external organization,2020-12-01
233,854,Burkina Faso,23012,"Consumer Prices, General Indices (2015 = 100)",,2021,January,102.655509,Figure from external organization,2021-01-01
233,854,Burkina Faso,23012,"Consumer Prices, General Indices (2015 = 100)",,2021,January,102.655509,Value from external organization,2021-01-01
233,854,Burkina Faso,23012,"Consumer Prices, General Indices (2015 = 100)",,2021,February,102.191424,Figure from external organization,2021-02-01
233,854,Burkina Faso,23012,"Consumer Prices, General Indices (2015 = 100)",,2021,February,102.191424,Value from external organization,2021-02-01
233,854,Burkina Faso,23012,"Consumer Prices, General Indices (2015 = 100)",,2021,March,102.841143,Figure from external organization,2021-03-01
233,854,Burkina Faso,23012,"Consumer Prices, General Indices (2015 = 100)",,2021,March,102.841143,Value from external organization,2021-03-01
233,854,Burkina Faso,23012,"Consumer Prices, General Indices (2015 = 100)",,2021,April,104.41903,Figure from external organization,2021-04-01
233,854,Burkina Faso,23012,"Consumer Prices, General Indices (2015 = 100)",,2021,April,104.41903,Value from external organization,2021-04-01
233,854,Burkina Faso,23012,"Consumer Prices, General Indices (2015 = 100)",,2021,May,106.182552,Figure from external organization,2021-05-01
233,854,Burkina Faso,23012,"Consumer Prices, General Indices (2015 = 100)",,2021,May,106.182552,Value from external organization,2021-05-01
233,854,Burkina Faso,23012,"Consumer Prices, General Indices (2015 = 100)",,2021,June,106.089735,Figure from external organization,2021-06-01
233,854,Burkina Faso,23012,"Consumer Prices, General Indices (2015 = 100)",,2021,June,106.089735,Value from external organization,2021-06-01
233,854,Burkina Faso,23012,"Consumer Prices, General Indices (2015 = 100)",,2021,July,104.140579,Figure from external organization,2021-07-01
233,854,Burkina Faso,23012,"Consumer Prices, General Indices (2015 = 100)",,2021,July,104.140579,Value from external organization,2021-07-01
233,854,Burkina Faso,23012,"Consumer Prices, General Indices (2015 = 100)",,2021,August,107.017904,Figure from external organization,2021-08-01
233,854,Burkina Faso,23012,"Consumer Prices, General Indices (2015 = 100)",,2021,August,107.017904,Value from external organization,2021-08-01
233,854,Burkina Faso,23012,"Consumer Prices, General Indices (2015 = 100)",,2021,September,108.874242,Figure from external organization,2021-09-01
233,854,Burkina Faso,23012,"Consumer Prices, General Indices (2015 = 100)",,2021,September,108.874242,Value from external organization,2021-09-01
233,854,Burkina Faso,23012,"Consumer Prices, General Indices (2015 = 100)",,2021,October,109.059876,Figure from external organization,2021-10-01
233,854,Burkina Faso,23012,"Consumer Prices, General Indices (2015 = 100)",,2021,October,109.059876,Value from external organization,2021-10-01
233,854,Burkina Faso,23012,"Consumer Prices, General Indices (2015 = 100)",,2021,November,110.266496,Figure from external organization,2021-11-01
233,854,Burkina Faso,23012,"Consumer Prices, General Indices (2015 = 100)",,2021,November,110.266496,Value from external organization,2021-11-01
233,854,Burkina Faso,23012,"Consumer Prices, General Indices (2015 = 100)",,2021,December,110.637764,Figure from external organization,2021-12-01
233,854,Burkina Faso,23012,"Consumer Prices, General Indices (2015 = 100)",,2021,December,110.637764,Value from external organization,2021-12-01
233,854,Burkina Faso,23012,"Consumer Prices, General Indices (2015 = 100)",,2022,January,109.988045,Figure from external organization,2022-01-01
233,854,Burkina Faso,23012,"Consumer Prices, General Indices (2015 = 100)",,2022,January,109.988045,Value from external organization,2022-01-01
233,854,Burkina Faso,23012,"Consumer Prices, General Indices (2015 = 100)",,2022,February,112.586919,Figure from external organization,2022-02-01
233,854,Burkina Faso,23012,"Consumer Prices, General Indices (2015 = 100)",,2022,February,112.586919,Value from external organization,2022-02-01
233,854,Burkina Faso,23012,"Consumer Prices, General Indices (2015 = 100)",,2022,March,116.76368,Figure from external organization,2022-03-01
233,854,Burkina Faso,23012,"Consumer Prices, General Indices (2015 = 100)",,2022,March,116.76368,Value from external organization,2022-03-01
233,854,Burkina Faso,23012,"Consumer Prices, General Indices (2015 = 100)",,2022,April,120.287061,Figure from external organization,2022-04-01
233,854,Burkina Faso,23012,"Consumer Prices, General Indices (2015 = 100)",,2022,April,120.287061,Value from external organization,2022-04-01
233,854,Burkina Faso,23012,"Consumer Prices, General Indices (2015 = 100)",,2022,May,122.540845,Figure from external organization,2022-05-01
233,854,Burkina Faso,23012,"Consumer Prices, General Indices (2015 = 100)",,2022,May,122.540845,Value from external organization,2022-05-01
233,854,Burkina Faso,23012,"Consumer Prices, General Indices (2015 = 100)",,2022,June,124.942255,Figure from external organization,2022-06-01
233,854,Burkina Faso,23012,"Consumer Prices, General Indices (2015 = 100)",,2022,June,124.942255,Value from external organization,2022-06-01
233,854,Burkina Faso,23012,"Consumer Prices, General Indices (2015 = 100)",,2022,July,126.103593,Figure from external organization,2022-07-01
233,854,Burkina Faso,23012,"Consumer Prices, General Indices (2015 = 100)",,2022,July,126.103593,Value from external organization,2022-07-01
233,854,Burkina Faso,23012,"Consumer Prices, General Indices (2015 = 100)",,2022,August,126.497267,Figure from external organization,2022-08-01
233,854,Burkina Faso,23012,"Consumer Prices, General Indices (2015 = 100)",,2022,August,126.497267,Value from external organization,2022-08-01
233,854,Burkina Faso,23012,"Consumer Prices, General Indices (2015 = 100)",,2022,September,126.871257,Figure from external organization,2022-09-01
233,854,Burkina Faso,23012,"Consumer Prices, General Indices (2015 = 100)",,2022,September,126.871257,Value from external organization,2022-09-01
233,854,Burkina Faso,23012,"Consumer Prices, General Indices (2015 = 100)",,2022,October,125.483557,Figure from external organization,2022-10-01
233,854,Burkina Faso,23012,"Consumer Prices, General Indices (2015 = 100)",,2022,October,125.483557,Value from external organization,2022-10-01
233,854,Burkina Faso,23012,"Consumer Prices, General Indices (2015 = 100)",,2022,November,123.810443,Figure from external organization,2022-11-01
233,854,Burkina Faso,23012,"Consumer Prices, General Indices (2015 = 100)",,2022,November,123.810443,Value from external organization,2022-11-01
233,854,Burkina Faso,23012,"Consumer Prices, General Indices (2015 = 100)",,2022,December,121.29093,Figure from external organization,2022-12-01
233,854,Burkina Faso,23012,"Consumer Prices, General Indices (2015 = 100)",,2022,December,121.29093,Value from external organization,2022-12-01
233,854,Burkina Faso,23012,"Consumer Prices, General Indices (2015 = 100)",,2023,January,119.086356,Figure from external organization,2023-01-01
233,854,Burkina Faso,23012,"Consumer Prices, General Indices (2015 = 100)",,2023,January,119.086356,Value from external organization,2023-01-01
233,854,Burkina Faso,23012,"Consumer Prices, General Indices (2015 = 100)",,2023,February,119.411137,Figure from external organization,2023-02-01
233,854,Burkina Faso,23012,"Consumer Prices, General Indices (2015 = 100)",,2023,February,119.411137,Value from external organization,2023-02-01
233,854,Burkina Faso,23012,"Consumer Prices, General Indices (2015 = 100)",,2023,March,120.11975,Figure from external organization,2023-03-01
233,854,Burkina Faso,23012,"Consumer Prices, General Indices (2015 = 100)",,2023,March,120.11975,Value from external organization,2023-03-01
233,854,Burkina Faso,23012,"Consumer Prices, General Indices (2015 = 100)",,2023,April,120.562633,Figure from external organization,2023-04-01
233,854,Burkina Faso,23012,"Consumer Prices, General Indices (2015 = 100)",,2023,April,120.562633,Value from external organization,2023-04-01
233,854,Burkina Faso,23012,"Consumer Prices, General Indices (2015 = 100)",,2023,May,122.117645,Figure from external organization,2023-05-01
233,854,Burkina Faso,23012,"Consumer Prices, General Indices (2015 = 100)",,2023,May,122.117645,Value from external organization,2023-05-01
233,854,Burkina Faso,23012,"Consumer Prices, General Indices (2015 = 100)",,2023,June,124.04182,Figure from external organization,2023-06-01
233,854,Burkina Faso,23012,"Consumer Prices, General Indices (2015 = 100)",,2023,June,124.04182,Value from external organization,2023-06-01
233,854,Burkina Faso,23012,"Consumer Prices, General Indices (2015 = 100)",,2023,July,124.654116,Figure from external organization,2023-07-01
233,854,Burkina Faso,23012,"Consumer Prices, General Indices (2015 = 100)",,2023,July,124.654116,Value from external organization,2023-07-01
233,854,Burkina Faso,23012,"Consumer Prices, General Indices (2015 = 100)",,2023,August,124.010957,Figure from external organization,2023-08-01
233,854,Burkina Faso,23012,"Consumer Prices, General Indices (2015 = 100)",,2023,August,124.010957,Value from external organization,2023-08-01
233,854,Burkina Faso,23012,"Consumer Prices, General Indices (2015 = 100)",,2023,September,123.617037,Figure from external organization,2023-09-01
233,854,Burkina Faso,23012,"Consumer Prices, General Indices (2015 = 100)",,2023,September,123.617037,Value from external organization,2023-09-01
233,854,Burkina Faso,23012,"Consumer Prices, General Indices (2015 = 100)",,2023,October,123.545501,Figure from external organization,2023-10-01
233,854,Burkina Faso,23012,"Consumer Prices, General Indices (2015 = 100)",,2023,October,123.545501,Value from external organization,2023-10-01
233,854,Burkina Faso,23012,"Consumer Prices, General Indices (2015 = 100)",,2023,November,124.322373,Figure from external organization,2023-11-01
233,854,Burkina Faso,23012,"Consumer Prices, General Indices (2015 = 100)",,2023,November,124.322373,Value from external organization,2023-11-01
233,854,Burkina Faso,23012,"Consumer Prices, General Indices (2015 = 100)",,2023,December,122.549947,Figure from external organization,2023-12-01
233,854,Burkina Faso,23012,"Consumer Prices, General Indices (2015 = 100)",,2023,December,122.549947,Value from external organization,2023-12-01
233,854,Burkina Faso,23012,"Consumer Prices, General Indices (2015 = 100)",,2024,January,124.153296,Figure from external organization,2024-01-01
233,854,Burkina Faso,23012,"Consumer Prices, General Indices (2015 = 100)",,2024,January,124.153296,Value from external organization,2024-01-01
233,854,Burkina Faso,23012,"Consumer Prices, General Indices (2015 = 100)",,2024,February,122.689091,Figure from external organization,2024-02-01
233,854,Burkina Faso,23012,"Consumer Prices, General Indices (2015 = 100)",,2024,February,122.689091,Value from external organization,2024-02-01
233,854,Burkina Faso,23012,"Consumer Prices, General Indices (2015 = 100)",,2024,March,123.253122,Figure from external organization,2024-03-01
233,854,Burkina Faso,23012,"Consumer Prices, General Indices (2015 = 100)",,2024,March,123.253122,Value from external organization,2024-03-01
233,854,Burkina Faso,23012,"Consumer Prices, General Indices (2015 = 100)",,2024,April,125.062046,Figure from external organization,2024-04-01
233,854,Burkina Faso,23012,"Consumer Prices, General Indices (2015 = 100)",,2024,April,125.062046,Value from external organization,2024-04-01
233,854,Burkina Faso,23012,"Consumer Prices, General Indices (2015 = 100)",,2024,May,126.313186,Figure from external organization,2024-05-01
233,854,Burkina Faso,23012,"Consumer Prices, General Indices (2015 = 100)",,2024,May,126.313186,Value from external organization,2024-05-01
233,854,Burkina Faso,23012,"Consumer Prices, General Indices (2015 = 100)",,2024,June,127.024608,Figure from external organization,2024-06-01
233,854,Burkina Faso,23012,"Consumer Prices, General Indices (2015 = 100)",,2024,June,127.024608,Value from external organization,2024-06-01
233,854,Burkina Faso,23012,"Consumer Prices, General Indices (2015 = 100)",,2024,July,130.033319,Figure from external organization,2024-07-01
233,854,Burkina Faso,23012,"Consumer Prices, General Indices (2015 = 100)",,2024,July,130.033319,Value from external organization,2024-07-01
233,854,Burkina Faso,23012,"Consumer Prices, General Indices (2015 = 100)",,2024,August,131.124111,Figure from external organization,2024-08-01
233,854,Burkina Faso,23012,"Consumer Prices, General Indices (2015 = 100)",,2024,August,131.124111,Value from external organization,2024-08-01
233,854,Burkina Faso,23012,"Consumer Prices, General Indices (2015 = 100)",,2024,September,131.233786,Figure from external organization,2024-09-01
233,854,Burkina Faso,23012,"Consumer Prices, General Indices (2015 = 100)",,2024,September,131.233786,Value from external organization,2024-09-01
233,854,Burkina Faso,23012,"Consumer Prices, General Indices (2015 = 100)",,2024,October,131.351202,Figure from external organization,2024-10-01
233,854,Burkina Faso,23012,"Consumer Prices, General Indices (2015 = 100)",,2024,October,131.351202,Value from external organization,2024-10-01
233,854,Burkina Faso,23012,"Consumer Prices, General Indices (2015 = 100)",,2024,November,128.809502,Figure from external organization,2024-11-01
233,854,Burkina Faso,23012,"Consumer Prices, General Indices (2015 = 100)",,2024,November,128.809502,Value from external organization,2024-11-01
233,854,Burkina Faso,23012,"Consumer Prices, General Indices (2015 = 100)",,2024,December,128.514846,Figure from external organization,2024-12-01
233,854,Burkina Faso,23012,"Consumer Prices, General Indices (2015 = 100)",,2024,December,128.514846,Value from external organization,2024-12-01
233,854,Burkina Faso,23012,"Consumer Prices, General Indices (2015 = 100)",,2025,January,125.932146,Figure from external organization,2025-01-01
233,854,Burkina Faso,23012,"Consumer Prices, General Indices (2015 = 100)",,2025,January,125.932146,Value from external organization,2025-01-01
233,854,Burkina Faso,23012,"Consumer Prices, General Indices (2015 = 100)",,2025,February,125.443089,Figure from external organization,2025-02-01
233,854,Burkina Faso,23012,"Consumer Prices, General Indices (2015 = 100)",,2025,February,125.443089,Value from external organization,2025-02-01
233,854,Burkina Faso,23012,"Consumer Prices, General Indices (2015 = 100)",,2025,March,125.982479,Figure from external organization,2025-03-01
233,854,Burkina Faso,23012,"Consumer Prices, General Indices (2015 = 100)",,2025,March,125.982479,Value from external organization,2025-03-01
233,854,Burkina Faso,23012,"Consumer Prices, General Indices (2015 = 100)",,2025,April,127.201581,Figure from external organization,2025-04-01
233,854,Burkina Faso,23012,"Consumer Prices, General Indices (2015 = 100)",,2025,April,127.201581,Value from external organization,2025-04-01
233,854,Burkina Faso,23012,"Consumer Prices, General Indices (2015 = 100)",,2025,May,128.221935,Figure from external organization,2025-05-01
233,854,Burkina Faso,23012,"Consumer Prices, General Indices (2015 = 100)",,2025,May,128.221935,Value from external organization,2025-05-01
233,854,Burkina Faso,23012,"Consumer Prices, General Indices (2015 = 100)",,2025,June,128.37743,Figure from external organization,2025-06-01
233,854,Burkina Faso,23012,"Consumer Prices, General Indices (2015 = 100)",,2025,June,128.37743,Value from external organization,2025-06-01
233,854,Burkina Faso,23012,"Consumer Prices, General Indices (2015 = 100)",,2025,July,128.499694,Figure from external organization,2025-07-01
233,854,Burkina Faso,23012,"Consumer Prices, General Indices (2015 = 100)",,2025,July,128.499694,Value from external organization,2025-07-01
233,854,Burkina Faso,23012,"Consumer Prices, General Indices (2015 = 100)",,2025,August,126.888645,Figure from external organization,2025-08-01
233,854,Burkina Faso,23012,"Consumer Prices, General Indices (2015 = 100)",,2025,August,126.888645,Value from external organization,2025-08-01
233,854,Burkina Faso,23012,"Consumer Prices, General Indices (2015 = 100)",,2025,September,126.08608,Figure from external organization,2025-09-01
233,854,Burkina Faso,23012,"Consumer Prices, General Indices (2015 = 100)",,2025,September,126.08608,Value from external organization,2025-09-01
233,854,Burkina Faso,23012,"Consumer Prices, General Indices (2015 = 100)",,2025,October,125.954593,Figure from external organization,2025-10-01
233,854,Burkina Faso,23012,"Consumer Prices, General Indices (2015 = 100)",,2025,October,125.954593,Value from external organization,2025-10-01
233,854,Burkina Faso,23012,"Consumer Prices, General Indices (2015 = 100)",,2025,November,126.158683,Figure from external organization,2025-11-01
233,854,Burkina Faso,23012,"Consumer Prices, General Indices (2015 = 100)",,2025,November,126.158683,Value from external organization,2025-11-01
233,854,Burkina Faso,23012,"Consumer Prices, General Indices (2015 = 100)",,2025,December,125.669651,Figure from external organization,2025-12-01
233,854,Burkina Faso,23012,"Consumer Prices, General Indices (2015 = 100)",,2025,December,125.669651,Value from external organization,2025-12-01
233,854,Burkina Faso,23012,"Consumer Prices, General Indices (2015 = 100)",,2026,January,126.233276,Figure from external organization,2026-01-01
233,854,Burkina Faso,23012,"Consumer Prices, General Indices (2015 = 100)",,2026,January,126.233276,Value from external organization,2026-01-01
233,854,Burkina Faso,23012,"Consumer Prices, General Indices (2015 = 100)",,2026,February,126.461646,Figure from external organization,2026-02-01
233,854,Burkina Faso,23012,"Consumer Prices, General Indices (2015 = 100)",,2026,February,126.461646,Value from external organization,2026-02-01
233,854,Burkina Faso,23012,"Consumer Prices, General Indices (2015 = 100)",,2026,March,126.602791,Figure from external organization,2026-03-01
233,854,Burkina Faso,23012,"Consumer Prices, General Indices (2015 = 100)",,2026,March,126.602791,Value from external organization,2026-03-01
