COTE D'IVOIRE;
CODE;LIBELLE;JAN1999;FEV1999;MAR1999;AVR1999;MAI1999;JUN1999;JUL1999;AUG1999;SEP1999;OCT1999;NOV1999;DEC1999;JAN2000;FEV2000;MAR2000;AVR2000;MAI2000;JUN2000;JUL2000;AUG2000;SEP2000;OCT2000;NOV2000;DEC2000;JAN2001;FEV2001;MAR2001;AVR2001;MAI2001;JUN2001;JUL2001;AUG2001;SEP2001;OCT2001;NOV2001;DEC2001;JAN2002;FEV2002;MAR2002;AVR2002;MAI2002;JUN2002;JUL2002;AUG2002;SEP2002;OCT2002;NOV2002;DEC2002;JAN2003;FEV2003;MAR2003;AVR2003;MAI2003;JUN2003;JUL2003;AUG2003;SEP2003;OCT2003;NOV2003;DEC2003;JAN2004;FEV2004;MAR2004;AVR2004;MAI2004;JUN2004;JUL2004;AUG2004;SEP2004;OCT2004;NOV2004;DEC2004;JAN2005;FEV2005;MAR2005;AVR2005;MAI2005;JUN2005;JUL2005;AUG2005;SEP2005;OCT2005;NOV2005;DEC2005;JAN2006;FEV2006;MAR2006;AVR2006;MAI2006;JUN2006;JUL2006;AUG2006;SEP2006;OCT2006;NOV2006;DEC2006;JAN2007;FEV2007;MAR2007;AVR2007;MAI2007;JUN2007;JUL2007;AUG2007;SEP2007;OCT2007;NOV2007;DEC2007;JAN2008;FEV2008;MAR2008;AVR2008;MAI2008;JUN2008;JUL2008;AUG2008;SEP2008;OCT2008;NOV2008;DEC2008;JAN2009;FEV2009;MAR2009;AVR2009;MAI2009;JUN2009;JUL2009;AUG2009;SEP2009;OCT2009;NOV2009;DEC2009;JAN2010;FEV2010;MAR2010;AVR2010;MAI2010;JUN2010;JUL2010;AUG2010;SEP2010;OCT2010;NOV2010;DEC2010;JAN2011;FEV2011;MAR2011;AVR2011;MAI2011;JUN2011;JUL2011;AUG2011;SEP2011;OCT2011;NOV2011;DEC2011;JAN2012;FEV2012;MAR2012;AVR2012;MAI2012;JUN2012;JUL2012;AUG2012;SEP2012;OCT2012;NOV2012;DEC2012;JAN2013;FEV2013;MAR2013;AVR2013;MAI2013;JUN2013;JUL2013;AUG2013;SEP2013;OCT2013;NOV2013;DEC2013;JAN2014;FEV2014;MAR2014;AVR2014;MAI2014;JUN2014;JUL2014;AUG2014;SEP2014;OCT2014;NOV2014;DEC2014;JAN2015;FEV2015;MAR2015;AVR2015;MAI2015;JUN2015;JUL2015;AUG2015;SEP2015;OCT2015;NOV2015;DEC2015;JAN2016;FEV2016;MAR2016;AVR2016;MAI2016;JUN2016;JUL2016;AUG2016;SEP2016;OCT2016;NOV2016;DEC2016;JAN2017;FEV2017;MAR2017;AVR2017;MAI2017;JUN2017;JUL2017;AUG2017;SEP2017;OCT2017;NOV2017;DEC2017;JAN2018;FEV2018;MAR2018;AVR2018;MAI2018;JUN2018;JUL2018;AUG2018;SEP2018;OCT2018;NOV2018;DEC2018;JAN2019;FEV2019;MAR2019;AVR2019;MAI2019;JUN2019;JUL2019;AUG2019;SEP2019;OCT2019;NOV2019;DEC2019;JAN2020;FEV2020;MAR2020;AVR2020;MAI2020;JUN2020;JUL2020;AUG2020;SEP2020;OCT2020;NOV2020;DEC2020;JAN2021;FEV2021;MAR2021;AVR2021;MAI2021;JUN2021;JUL2021;AUG2021;SEP2021;OCT2021;NOV2021;DEC2021;JAN2022;FEV2022;MAR2022;AVR2022;MAI2022;JUN2022;JUL2022;AUG2022;SEP2022;OCT2022;NOV2022;DEC2022;JAN2023;FEV2023;MAR2023;AVR2023;MAI2023;JUN2023;JUL2023;AUG2023;SEP2023;OCT2023;NOV2023;DEC2023;JAN2024;FEV2024;MAR2024;AVR2024;MAI2024;JUN2024;JUL2024;AUG2024;SEP2024;OCT2024;NOV2024;DEC2024;JAN2025;FEV2025;MAR2025;AVR2025;MAI2025;JUN2025;JUL2025;AUG2025;SEP2025;OCT2025;NOV2025;DEC2025;JAN2026;FEV2026;MAR2026;AVR2026;MAI2026;JUN2026;JUL2026;AUG2026;SEP2026;OCT2026;NOV2026;DEC2026;
AAASR3017M0BP;Indice des prix a la consommation;54,600;54,700;54,600;54,700;54,900;55,200;55,300;56,000;56,000;55,300;54,700;54,700;54,900;54,900;55,700;56,100;56,500;57,200;57,300;57,500;57,100;56,900;56,600;56,700;57,700;58,000;58,300;58,500;59,200;59,600;59,400;59,400;59,000;59,200;59,200;59,400;60,200;60,300;60,300;60,400;60,500;61,200;60,500;60,500;60,500;60,900;61,400;62,000;62,200;62,600;62,700;63,200;63,600;63,800;63,100;63,300;62,500;62,000;62,000;61,900;62,400;62,300;62,900;64,000;64,100;64,100;64,000;63,900;63,500;63,300;64,600;64,700;65,400;65,500;65,700;65,900;66,000;66,200;66,200;66,700;66,600;66,400;66,400;66,300;66,700;67,000;67,100;67,600;67,900;68,500;68,600;68,600;68,000;67,600;67,700;67,700;68,400;68,900;69,300;69,300;69,600;69,900;69,500;69,200;68,800;68,400;68,400;68,700;73,000;73,200;73,300;73,400;73,400;73,400;74,000;73,900;73,500;73,000;73,100;73,600;74,100;74,000;73,900;73,900;74,600;74,100;74,000;73,700;73,500;72,700;73,200;73,500;73,900;73,700;74,000;75,300;75,300;75,400;75,300;75,200;74,700;74,800;75,800;77,200;77,300;77,500;78,300;82,100;80,200;78,900;78,700;78,600;78,200;77,900;78,300;78,700;79,100;79,000;78,800;79,000;79,200;79,700;80,100;80,100;80,000;80,300;80,600;81,400;81,800;81,900;81,700;82,100;81,900;82,000;82,000;81,900;81,700;81,600;81,600;81,800;81,800;81,700;81,700;81,900;82,600;82,500;82,800;82,500;81,700;82,100;82,400;82,500;83,100;82,800;83,100;83,100;83,600;83,900;83,800;83,600;82,400;82,500;83,000;83,600;83,300;83,500;83,900;84,800;85,500;84,700;84,100;83,200;82,900;83,000;83,300;83,500;83,700;84,000;84,100;84,200;84,300;84,300;84,400;83,900;84,100;84,000;84,100;84,500;84,200;84,400;84,400;84,600;84,900;85,000;84,800;84,600;84,700;84,800;84,800;85,000;84,900;84,700;84,900;85,200;85,600;86,000;85,800;84,900;85,100;85,000;85,900;86,300;86,500;86,900;86,900;87,200;87,600;88,400;88,100;87,200;86,700;87,600;87,400;88,300;88,500;89,700;89,800;90,600;91,200;91,600;91,600;91,400;91,200;91,500;92,200;93,300;93,500;93,800;93,900;94,300;94,400;96,500;96,500;97,000;97,000;97,300;97,500;98,100;98,000;98,300;98,700;99,200;99,000;100,500;100,900;100,500;101,100;100,800;101,000;101,900;101,000;101,800;102,500;102,800;103,800;104,600;104,900;105,100;103,900;103,500;103,600;104,000;102,700;102,500;103,000;103,600;103,700;104,000;104,000;104,200;103,700;103,800;103,700;104,100;104,200;104,500;105,000;105,000;105,300;-;-;-;-;-;-;-;
AAASR3021M0BP;Indice des prix de la fonction alimentation;43,800;43,800;43,500;43,200;43,700;44,400;44,500;44,400;43,800;42,000;40,600;40,700;41,000;41,000;42,900;43,800;44,200;45,600;45,600;44,500;43,200;42,700;41,700;41,900;44,000;44,500;45,100;45,300;46,400;47,400;46,800;46,500;45,700;45,000;44,900;44,800;46,200;46,500;46,700;47,500;48,100;49,100;47,900;47,700;47,700;48,200;48,800;50,100;50,300;50,500;50,500;50,900;51,500;52,200;50,400;49,900;48,200;47,300;47,200;47,100;48,100;47,600;47,800;48,600;49,200;49,000;48,700;48,100;47,100;46,100;47,800;47,000;48,100;48,000;48,400;48,900;49,800;50,500;50,200;49,900;49,400;48,600;48,700;48,600;49,100;49,200;49,900;50,200;50,900;52,500;52,300;52,100;50,500;49,600;50,300;50,200;51,600;52,700;53,700;53,700;54,300;54,800;54,400;54,300;53,200;52,300;52,300;52,500;57,900;57,000;57,700;59,200;59,400;60,700;61,900;61,500;60,400;59,700;59,100;59,400;60,700;60,600;60,600;61,400;62,500;61,800;61,900;61,900;60,900;58,900;60,000;60,600;61,600;61,400;62,100;65,400;65,500;66,200;66,100;65,400;64,300;64,400;67,100;69,600;69,500;69,800;72,000;82,200;76,500;72,200;71,200;70,800;69,600;68,300;69,100;69,400;70,300;70,600;69,900;70,600;71,200;72,300;72,700;72,100;71,200;71,800;71,900;73,200;73,700;73,500;72,800;74,000;73,300;73,600;73,400;73,000;72,300;71,800;71,500;71,400;71,200;70,900;69,700;70,900;73,200;72,700;73,700;72,600;70,100;70,800;69,900;70,400;71,900;71,700;72,000;72,800;74,500;75,000;74,300;73,300;70,600;70,800;72,200;74,500;73,400;74,100;75,900;78,300;81,200;78,600;75,500;72,500;72,000;72,300;73,600;73,000;75,400;75,300;74,900;76,600;76,400;76,300;76,400;74,900;75,000;75,200;74,500;75,100;74,600;75,500;75,500;76,400;77,100;76,400;76,000;76,000;75,700;75,800;75,600;75,600;75,600;75,200;75,600;76,800;78,700;79,000;77,900;76,100;76,500;76,200;77,400;78,300;78,500;79,300;79,900;81,100;81,600;82,700;81,400;79,600;78,200;80,000;79,100;80,500;81,000;83,800;84,000;85,400;87,300;87,700;87,700;86,600;86,600;87,200;88,100;90,400;90,600;91,100;91,100;91,800;91,800;96,300;95,500;96,000;95,900;95,500;95,600;96,400;96,000;96,200;97,900;98,800;98,000;101,200;102,900;101,300;102,100;101,000;101,600;102,900;100,300;101,700;102,300;103,800;106,400;107,800;108,200;108,400;104,600;103,200;103,500;103,900;104,400;103,800;104,800;106,300;106,400;106,600;106,900;107,200;105,300;105,300;105,200;106,200;106,100;106,800;108,700;108,300;107,800;-;-;-;-;-;-;-;

BENIN;
CODE;LIBELLE;JAN1999;FEV1999;MAR1999;AVR1999;MAI1999;JUN1999;JUL1999;AUG1999;SEP1999;OCT1999;NOV1999;DEC1999;JAN2000;FEV2000;MAR2000;AVR2000;MAI2000;JUN2000;JUL2000;AUG2000;SEP2000;OCT2000;NOV2000;DEC2000;JAN2001;FEV2001;MAR2001;AVR2001;MAI2001;JUN2001;JUL2001;AUG2001;SEP2001;OCT2001;NOV2001;DEC2001;JAN2002;FEV2002;MAR2002;AVR2002;MAI2002;JUN2002;JUL2002;AUG2002;SEP2002;OCT2002;NOV2002;DEC2002;JAN2003;FEV2003;MAR2003;AVR2003;MAI2003;JUN2003;JUL2003;AUG2003;SEP2003;OCT2003;NOV2003;DEC2003;JAN2004;FEV2004;MAR2004;AVR2004;MAI2004;JUN2004;JUL2004;AUG2004;SEP2004;OCT2004;NOV2004;DEC2004;JAN2005;FEV2005;MAR2005;AVR2005;MAI2005;JUN2005;JUL2005;AUG2005;SEP2005;OCT2005;NOV2005;DEC2005;JAN2006;FEV2006;MAR2006;AVR2006;MAI2006;JUN2006;JUL2006;AUG2006;SEP2006;OCT2006;NOV2006;DEC2006;JAN2007;FEV2007;MAR2007;AVR2007;MAI2007;JUN2007;JUL2007;AUG2007;SEP2007;OCT2007;NOV2007;DEC2007;JAN2008;FEV2008;MAR2008;AVR2008;MAI2008;JUN2008;JUL2008;AUG2008;SEP2008;OCT2008;NOV2008;DEC2008;JAN2009;FEV2009;MAR2009;AVR2009;MAI2009;JUN2009;JUL2009;AUG2009;SEP2009;OCT2009;NOV2009;DEC2009;JAN2010;FEV2010;MAR2010;AVR2010;MAI2010;JUN2010;JUL2010;AUG2010;SEP2010;OCT2010;NOV2010;DEC2010;JAN2011;FEV2011;MAR2011;AVR2011;MAI2011;JUN2011;JUL2011;AUG2011;SEP2011;OCT2011;NOV2011;DEC2011;JAN2012;FEV2012;MAR2012;AVR2012;MAI2012;JUN2012;JUL2012;AUG2012;SEP2012;OCT2012;NOV2012;DEC2012;JAN2013;FEV2013;MAR2013;AVR2013;MAI2013;JUN2013;JUL2013;AUG2013;SEP2013;OCT2013;NOV2013;DEC2013;JAN2014;FEV2014;MAR2014;AVR2014;MAI2014;JUN2014;JUL2014;AUG2014;SEP2014;OCT2014;NOV2014;DEC2014;JAN2015;FEV2015;MAR2015;AVR2015;MAI2015;JUN2015;JUL2015;AUG2015;SEP2015;OCT2015;NOV2015;DEC2015;JAN2016;FEV2016;MAR2016;AVR2016;MAI2016;JUN2016;JUL2016;AUG2016;SEP2016;OCT2016;NOV2016;DEC2016;JAN2017;FEV2017;MAR2017;AVR2017;MAI2017;JUN2017;JUL2017;AUG2017;SEP2017;OCT2017;NOV2017;DEC2017;JAN2018;FEV2018;MAR2018;AVR2018;MAI2018;JUN2018;JUL2018;AUG2018;SEP2018;OCT2018;NOV2018;DEC2018;JAN2019;FEV2019;MAR2019;AVR2019;MAI2019;JUN2019;JUL2019;AUG2019;SEP2019;OCT2019;NOV2019;DEC2019;JAN2020;FEV2020;MAR2020;AVR2020;MAI2020;JUN2020;JUL2020;AUG2020;SEP2020;OCT2020;NOV2020;DEC2020;JAN2021;FEV2021;MAR2021;AVR2021;MAI2021;JUN2021;JUL2021;AUG2021;SEP2021;OCT2021;NOV2021;DEC2021;JAN2022;FEV2022;MAR2022;AVR2022;MAI2022;JUN2022;JUL2022;AUG2022;SEP2022;OCT2022;NOV2022;DEC2022;JAN2023;FEV2023;MAR2023;AVR2023;MAI2023;JUN2023;JUL2023;AUG2023;SEP2023;OCT2023;NOV2023;DEC2023;JAN2024;FEV2024;MAR2024;AVR2024;MAI2024;JUN2024;JUL2024;AUG2024;SEP2024;OCT2024;NOV2024;DEC2024;JAN2025;FEV2025;MAR2025;AVR2025;MAI2025;JUN2025;JUL2025;AUG2025;SEP2025;OCT2025;NOV2025;DEC2025;JAN2026;FEV2026;MAR2026;AVR2026;MAI2026;JUN2026;JUL2026;AUG2026;SEP2026;OCT2026;NOV2026;DEC2026;
BBBSR3017M0BP;Indice des prix a la consommation;59,900;59,100;58,500;60,200;60,400;59,600;59,600;59,900;59,200;58,800;58,500;58,500;58,700;59,200;60,500;61,100;61,700;63,300;62,800;62,500;62,100;63,000;63,200;64,300;63,000;62,400;63,400;64,100;65,200;64,900;65,100;64,500;64,200;64,400;64,900;65,800;64,600;64,600;64,800;65,900;65,700;66,800;68,100;66,300;65,300;65,500;66,400;66,600;66,500;66,800;66,900;67,300;67,300;67,000;67,100;66,400;66,000;66,800;67,200;67,100;67,300;67,000;66,500;67,000;67,400;67,600;67,800;67,100;67,200;67,200;68,500;68,900;68,900;69,100;70,600;70,600;70,800;71,300;72,000;71,900;72,000;72,200;72,100;71,500;72,200;73,100;73,500;74,200;75,000;74,300;73,100;72,400;74,400;73,700;74,100;75,200;75,400;74,400;74,200;73,900;74,100;75,500;74,400;73,100;74,100;75,500;76,500;75,400;77,700;77,700;78,200;78,600;79,300;79,800;81,200;82,600;81,600;82,200;82,500;81,800;81,500;79,700;79,200;80,500;82,000;80,200;82,200;81,300;81,400;81,500;81,400;81,400;81,300;81,000;81,500;82,500;83,000;83,900;82,600;82,100;82,700;83,500;84,200;84,700;85,400;83,700;83,400;84,500;85,000;85,400;85,400;85,400;85,000;85,200;85,500;86,200;90,500;88,900;89,500;89,900;91,000;91,100;90,600;90,300;91,300;91,400;92,300;92,000;92,000;92,000;91,900;92,700;92,800;91,600;90,800;89,800;89,500;90,300;89,800;90,300;91,500;90,700;90,900;91,100;92,600;91,600;90,800;89,800;89,500;89,900;89,500;89,700;90,600;89,700;90,500;89,300;89,300;92,900;92,700;91,400;89,400;90,800;91,500;91,700;90,500;89,600;90,600;92,900;92,900;91,900;90,700;88,900;87,500;87,700;88,900;89,200;91,700;91,900;92,200;92,300;91,900;91,600;91,400;91,200;91,200;91,300;91,900;91,800;91,800;92,500;91,700;92,600;93,600;94,700;94,200;92,300;91,900;91,500;91,300;91,700;92,700;91,300;92,100;91,200;92,700;91,100;91,800;90,700;90,300;91,000;92,700;92,000;93,200;94,400;94,000;94,100;94,700;94,600;95,500;95,000;94,700;95,100;94,600;93,000;92,700;92,700;93,500;94,500;96,400;98,900;98,000;96,300;97,500;97,300;97,000;97,700;100,100;95,000;95,400;95,500;96,800;96,400;97,100;96,100;96,000;99,300;100,200;100,400;101,400;101,400;102,000;99,100;100,300;100,500;100,800;98,100;97,400;98,200;100,000;100,800;100,200;101,600;102,000;102,200;102,700;101,300;101,800;101,000;99,900;100,300;100,600;100,400;100,700;101,700;102,800;103,000;103,300;103,200;102,900;102,300;102,200;102,000;101,700;101,800;101,600;101,600;102,300;102,400;102,600;-;-;-;-;-;-;-;
BBBSR3021M0BP;Indice des prix de la fonction alimentation;58,000;55,800;53,800;58,700;59,200;57,400;57,400;58,300;56,500;55,300;54,700;54,800;54,900;54,600;57,000;58,000;59,000;59,400;58,300;57,800;55,800;57,000;57,000;59,400;56,800;55,000;57,800;58,500;60,800;59,400;60,000;58,500;57,700;58,400;59,600;62,200;59,300;59,500;60,600;62,400;62,700;64,500;67,700;63,000;59,300;59,800;62,200;62,200;62,300;61,700;59,800;60,800;61,100;60,400;60,400;58,400;57,900;60,100;61,100;60,900;60,800;60,300;58,900;59,700;60,600;60,300;60,800;58,700;58,800;58,700;60,800;61,600;62,500;63,000;65,800;65,100;65,900;67,100;68,200;67,300;66,000;66,100;65,800;64,800;66,800;62,900;63,700;66,400;68,400;66,600;64,400;62,800;65,300;63,600;65,000;67,000;66,700;65,600;64,700;64,400;64,300;64,200;63,000;59,900;61,800;66,900;69,500;66,900;71,000;70,600;72,100;72,300;74,800;75,700;79,200;80,400;78,400;79,900;80,200;78,600;81,100;77,000;75,500;77,900;82,700;77,700;80,500;78,300;77,900;77,900;77,300;76,300;76,700;76,500;77,700;80,700;81,700;84,300;80,900;80,000;81,400;84,200;86,900;86,900;88,100;83,700;82,200;85,100;86,600;87,100;87,400;86,900;85,900;85,700;86,500;88,100;86,100;86,000;88,200;88,700;92,400;92,300;89,600;88,600;90,600;92,500;93,200;93,800;92,400;92,500;92,700;94,100;95,000;92,800;95,600;92,100;91,000;89,900;89,400;91,900;95,100;92,200;91,800;93,200;97,200;94,200;93,500;89,800;88,400;89,100;87,600;88,800;92,900;90,500;93,200;89,100;89,100;92,800;97,500;91,900;88,100;92,000;93,700;94,800;92,000;90,300;91,900;95,900;98,700;97,200;93,600;88,000;85,600;86,300;90,100;91,000;93,800;93,600;93,900;93,000;93,000;93,000;93,000;92,900;92,900;92,900;92,900;92,900;92,900;95,000;91,400;94,900;97,600;99,600;98,200;92,800;91,500;93,800;93,900;93,600;95,700;91,700;95,300;91,700;97,700;93,700;95,000;89,600;85,800;88,800;91,300;89,000;92,400;95,000;94,000;94,500;96,700;96,600;96,900;95,400;93,900;95,500;94,400;92,800;92,900;92,700;95,000;97,300;101,600;108,100;105,500;100,900;103,900;103,000;101,300;103,300;107,200;96,900;96,900;96,200;99,800;98,400;99,900;97,000;96,500;102,200;102,500;102,900;105,200;105,500;107,400;100,200;102,900;100,500;101,200;93,300;91,700;93,700;98,000;100,300;99,400;102,500;104,900;103,500;104,000;100,400;101,700;99,500;97,200;97,800;98,700;98,400;101,100;102,900;105,600;107,200;107,100;106,300;105,600;105,600;104,800;103,900;103,200;103,200;102,700;102,700;102,900;102,800;103,000;-;-;-;-;-;-;-;

BURKINA FASO;
CODE;LIBELLE;JAN1999;FEV1999;MAR1999;AVR1999;MAI1999;JUN1999;JUL1999;AUG1999;SEP1999;OCT1999;NOV1999;DEC1999;JAN2000;FEV2000;MAR2000;AVR2000;MAI2000;JUN2000;JUL2000;AUG2000;SEP2000;OCT2000;NOV2000;DEC2000;JAN2001;FEV2001;MAR2001;AVR2001;MAI2001;JUN2001;JUL2001;AUG2001;SEP2001;OCT2001;NOV2001;DEC2001;JAN2002;FEV2002;MAR2002;AVR2002;MAI2002;JUN2002;JUL2002;AUG2002;SEP2002;OCT2002;NOV2002;DEC2002;JAN2003;FEV2003;MAR2003;AVR2003;MAI2003;JUN2003;JUL2003;AUG2003;SEP2003;OCT2003;NOV2003;DEC2003;JAN2004;FEV2004;MAR2004;AVR2004;MAI2004;JUN2004;JUL2004;AUG2004;SEP2004;OCT2004;NOV2004;DEC2004;JAN2005;FEV2005;MAR2005;AVR2005;MAI2005;JUN2005;JUL2005;AUG2005;SEP2005;OCT2005;NOV2005;DEC2005;JAN2006;FEV2006;MAR2006;AVR2006;MAI2006;JUN2006;JUL2006;AUG2006;SEP2006;OCT2006;NOV2006;DEC2006;JAN2007;FEV2007;MAR2007;AVR2007;MAI2007;JUN2007;JUL2007;AUG2007;SEP2007;OCT2007;NOV2007;DEC2007;JAN2008;FEV2008;MAR2008;AVR2008;MAI2008;JUN2008;JUL2008;AUG2008;SEP2008;OCT2008;NOV2008;DEC2008;JAN2009;FEV2009;MAR2009;AVR2009;MAI2009;JUN2009;JUL2009;AUG2009;SEP2009;OCT2009;NOV2009;DEC2009;JAN2010;FEV2010;MAR2010;AVR2010;MAI2010;JUN2010;JUL2010;AUG2010;SEP2010;OCT2010;NOV2010;DEC2010;JAN2011;FEV2011;MAR2011;AVR2011;MAI2011;JUN2011;JUL2011;AUG2011;SEP2011;OCT2011;NOV2011;DEC2011;JAN2012;FEV2012;MAR2012;AVR2012;MAI2012;JUN2012;JUL2012;AUG2012;SEP2012;OCT2012;NOV2012;DEC2012;JAN2013;FEV2013;MAR2013;AVR2013;MAI2013;JUN2013;JUL2013;AUG2013;SEP2013;OCT2013;NOV2013;DEC2013;JAN2014;FEV2014;MAR2014;AVR2014;MAI2014;JUN2014;JUL2014;AUG2014;SEP2014;OCT2014;NOV2014;DEC2014;JAN2015;FEV2015;MAR2015;AVR2015;MAI2015;JUN2015;JUL2015;AUG2015;SEP2015;OCT2015;NOV2015;DEC2015;JAN2016;FEV2016;MAR2016;AVR2016;MAI2016;JUN2016;JUL2016;AUG2016;SEP2016;OCT2016;NOV2016;DEC2016;JAN2017;FEV2017;MAR2017;AVR2017;MAI2017;JUN2017;JUL2017;AUG2017;SEP2017;OCT2017;NOV2017;DEC2017;JAN2018;FEV2018;MAR2018;AVR2018;MAI2018;JUN2018;JUL2018;AUG2018;SEP2018;OCT2018;NOV2018;DEC2018;JAN2019;FEV2019;MAR2019;AVR2019;MAI2019;JUN2019;JUL2019;AUG2019;SEP2019;OCT2019;NOV2019;DEC2019;JAN2020;FEV2020;MAR2020;AVR2020;MAI2020;JUN2020;JUL2020;AUG2020;SEP2020;OCT2020;NOV2020;DEC2020;JAN2021;FEV2021;MAR2021;AVR2021;MAI2021;JUN2021;JUL2021;AUG2021;SEP2021;OCT2021;NOV2021;DEC2021;JAN2022;FEV2022;MAR2022;AVR2022;MAI2022;JUN2022;JUL2022;AUG2022;SEP2022;OCT2022;NOV2022;DEC2022;JAN2023;FEV2023;MAR2023;AVR2023;MAI2023;JUN2023;JUL2023;AUG2023;SEP2023;OCT2023;NOV2023;DEC2023;JAN2024;FEV2024;MAR2024;AVR2024;MAI2024;JUN2024;JUL2024;AUG2024;SEP2024;OCT2024;NOV2024;DEC2024;JAN2025;FEV2025;MAR2025;AVR2025;MAI2025;JUN2025;JUL2025;AUG2025;SEP2025;OCT2025;NOV2025;DEC2025;JAN2026;FEV2026;MAR2026;AVR2026;MAI2026;JUN2026;JUL2026;AUG2026;SEP2026;OCT2026;NOV2026;DEC2026;
CCCSR3017M0BP;Indice des prix a la consommation;56,300;56,400;56,300;57,300;57,800;58,500;58,200;58,000;57,500;58,100;57,400;56,900;56,500;56,300;56,200;56,200;57,900;58,200;57,500;58,200;57,000;57,400;57,900;58,200;58,400;58,500;60,000;59,200;60,300;61,300;61,400;61,500;59,800;60,700;60,000;58,800;59,100;60,400;60,400;60,800;61,800;62,700;62,400;63,200;61,700;61,400;61,600;61,100;61,300;61,800;61,400;61,500;63,500;64,700;63,000;62,700;62,800;62,500;63,300;63,100;61,500;60,600;60,800;61,400;61,900;63,000;62,800;62,600;62,300;63,900;64,100;63,500;63,300;62,900;64,000;65,100;66,400;68,500;67,900;68,700;67,100;68,900;67,400;66,300;67,300;67,100;66,500;67,000;68,800;68,600;69,600;69,300;68,100;68,300;67,200;67,300;66,200;66,100;66,100;66,300;67,300;67,800;68,700;68,200;68,500;69,300;69,900;68,900;71,700;71,700;71,400;72,300;74,900;76,700;77,100;77,700;77,400;77,100;76,200;75,700;74,700;75,000;74,900;75,000;75,300;75,200;77,300;77,000;76,000;76,300;75,700;75,400;74,900;74,900;74,500;74,600;75,300;75,800;76,000;76,200;74,900;75,100;75,000;75,200;75,700;75,300;75,400;75,900;76,600;77,600;78,000;78,300;77,900;78,700;78,700;79,000;77,900;78,100;78,100;78,700;79,800;80,300;81,600;81,500;82,200;82,100;82,000;80,400;79,700;80,000;80,000;80,600;80,600;81,800;82,200;80,900;80,300;80,200;80,900;80,500;79,800;79,400;80,000;78,900;80,500;81,500;81,500;81,000;81,100;80,800;80,600;80,300;79,500;79,900;79,400;80,000;80,500;83,000;82,400;82,000;81,600;82,300;82,400;81,400;79,400;79,800;80,000;81,400;82,100;82,400;81,900;81,500;81,300;81,700;80,900;80,000;81,800;81,400;82,700;82,800;83,800;83,200;84,600;84,200;84,600;83,500;83,900;83,800;83,400;83,700;83,400;84,800;85,100;86,200;86,900;86,000;86,300;85,300;84,100;84,000;82,200;81,900;82,300;82,700;83,100;82,900;83,000;81,800;81,600;82,100;81,500;81,900;81,500;82,200;82,000;81,700;84,900;83,800;84,200;85,200;85,300;85,800;85,100;83,800;83,900;83,600;84,100;85,400;86,800;86,700;87,200;87,500;89,000;89,200;90,200;90,500;89,900;92,000;95,400;98,300;100,200;102,100;103,100;103,400;103,700;102,600;101,200;99,100;97,300;97,600;98,200;98,500;99,800;101,400;101,900;101,400;101,000;101,000;101,600;100,200;101,500;100,300;100,700;102,200;103,300;103,800;106,300;107,200;107,300;107,400;105,300;105,100;103,000;102,600;103,000;104,000;104,900;105,000;105,100;103,800;103,100;103,000;103,200;102,800;103,200;103,400;103,500;103,600;105,000;-;-;-;-;-;-;-;
CCCSR3021M0BP;Indice des prix de la fonction alimentation;45,200;45,400;45,400;45,900;46,200;46,200;46,200;46,400;46,700;46,500;45,600;45,400;43,100;42,600;42,700;42,800;45,000;46,200;44,600;43,700;42,000;43,300;43,000;43,800;43,800;44,000;47,400;45,800;48,300;50,200;49,900;50,800;47,500;48,700;47,700;45,000;45,800;48,100;47,700;47,700;49,600;52,100;51,200;51,800;48,800;48,100;48,600;47,300;46,600;46,100;45,300;45,700;50,800;54,300;49,700;46,800;47,100;46,700;48,500;47,800;44,000;42,600;42,100;44,400;45,400;47,000;47,000;45,900;45,500;48,300;48,200;47,000;46,200;46,100;48,300;50,900;53,700;58,200;56,500;57,600;53,000;57,200;53,100;51,100;51,400;51,100;50,200;51,300;54,400;53,900;55,800;54,200;51,900;52,000;52,200;51,700;48,900;48,900;48,500;49,100;51,100;52,500;53,200;52,500;53,300;54,700;56,200;53,000;56,800;56,700;56,400;58,400;64,200;68,300;68,800;69,500;69,100;68,000;66,000;64,600;63,800;64,300;64,200;64,800;65,400;65,400;69,800;69,700;67,300;67,900;66,000;65,300;64,800;65,200;64,900;65,400;67,000;68,600;68,900;69,300;68,200;68,100;67,300;67,700;69,200;68,100;68,200;68,500;69,500;71,900;72,500;73,000;72,100;73,900;73,700;74,200;71,300;71,200;71,200;71,800;74,000;74,700;77,900;77,400;79,100;78,300;78,400;75,400;73,500;73,800;73,900;74,600;75,700;77,500;76,500;74,800;75,100;74,100;74,500;73,300;72,600;71,800;71,600;69,200;72,100;73,700;73,700;73,600;73,400;72,300;72,700;71,800;70,400;70,900;70,400;71,600;72,400;77,100;77,300;75,900;75,300;76,300;77,200;75,000;70,800;71,400;71,800;74,800;77,300;78,300;77,200;76,700;76,000;76,700;74,800;72,900;72,500;72,300;74,200;74,500;75,900;77,100;79,100;78,400;79,500;77,400;78,200;77,300;76,400;76,700;76,700;78,800;79,600;81,300;82,700;81,100;81,100;79,500;77,000;76,900;73,900;73,400;73,900;74,400;75,400;74,800;75,500;73,300;72,700;73,000;72,300;72,800;72,300;72,900;73,500;73,900;79,400;77,700;78,000;78,500;79,100;79,200;78,900;76,800;76,800;76,400;77,300;79,300;81,900;81,700;82,300;82,900;85,400;85,400;86,700;87,500;87,300;90,500;96,800;100,400;103,200;106,400;108,400;108,300;108,700;106,700;104,400;100,800;96,900;97,200;97,500;98,400;100,100;102,200;102,400;101,400;101,300;101,300;101,800;99,500;99,500;99,300;100,100;102,500;104,700;106,100;110,600;112,100;112,000;112,200;108,700;108,300;107,300;105,700;106,000;108,300;111,100;111,600;112,000;109,100;106,800;106,400;105,800;103,300;103,300;104,400;105,000;105,300;109,200;-;-;-;-;-;-;-;

MALI;
CODE;LIBELLE;JAN1999;FEV1999;MAR1999;AVR1999;MAI1999;JUN1999;JUL1999;AUG1999;SEP1999;OCT1999;NOV1999;DEC1999;JAN2000;FEV2000;MAR2000;AVR2000;MAI2000;JUN2000;JUL2000;AUG2000;SEP2000;OCT2000;NOV2000;DEC2000;JAN2001;FEV2001;MAR2001;AVR2001;MAI2001;JUN2001;JUL2001;AUG2001;SEP2001;OCT2001;NOV2001;DEC2001;JAN2002;FEV2002;MAR2002;AVR2002;MAI2002;JUN2002;JUL2002;AUG2002;SEP2002;OCT2002;NOV2002;DEC2002;JAN2003;FEV2003;MAR2003;AVR2003;MAI2003;JUN2003;JUL2003;AUG2003;SEP2003;OCT2003;NOV2003;DEC2003;JAN2004;FEV2004;MAR2004;AVR2004;MAI2004;JUN2004;JUL2004;AUG2004;SEP2004;OCT2004;NOV2004;DEC2004;JAN2005;FEV2005;MAR2005;AVR2005;MAI2005;JUN2005;JUL2005;AUG2005;SEP2005;OCT2005;NOV2005;DEC2005;JAN2006;FEV2006;MAR2006;AVR2006;MAI2006;JUN2006;JUL2006;AUG2006;SEP2006;OCT2006;NOV2006;DEC2006;JAN2007;FEV2007;MAR2007;AVR2007;MAI2007;JUN2007;JUL2007;AUG2007;SEP2007;OCT2007;NOV2007;DEC2007;JAN2008;FEV2008;MAR2008;AVR2008;MAI2008;JUN2008;JUL2008;AUG2008;SEP2008;OCT2008;NOV2008;DEC2008;JAN2009;FEV2009;MAR2009;AVR2009;MAI2009;JUN2009;JUL2009;AUG2009;SEP2009;OCT2009;NOV2009;DEC2009;JAN2010;FEV2010;MAR2010;AVR2010;MAI2010;JUN2010;JUL2010;AUG2010;SEP2010;OCT2010;NOV2010;DEC2010;JAN2011;FEV2011;MAR2011;AVR2011;MAI2011;JUN2011;JUL2011;AUG2011;SEP2011;OCT2011;NOV2011;DEC2011;JAN2012;FEV2012;MAR2012;AVR2012;MAI2012;JUN2012;JUL2012;AUG2012;SEP2012;OCT2012;NOV2012;DEC2012;JAN2013;FEV2013;MAR2013;AVR2013;MAI2013;JUN2013;JUL2013;AUG2013;SEP2013;OCT2013;NOV2013;DEC2013;JAN2014;FEV2014;MAR2014;AVR2014;MAI2014;JUN2014;JUL2014;AUG2014;SEP2014;OCT2014;NOV2014;DEC2014;JAN2015;FEV2015;MAR2015;AVR2015;MAI2015;JUN2015;JUL2015;AUG2015;SEP2015;OCT2015;NOV2015;DEC2015;JAN2016;FEV2016;MAR2016;AVR2016;MAI2016;JUN2016;JUL2016;AUG2016;SEP2016;OCT2016;NOV2016;DEC2016;JAN2017;FEV2017;MAR2017;AVR2017;MAI2017;JUN2017;JUL2017;AUG2017;SEP2017;OCT2017;NOV2017;DEC2017;JAN2018;FEV2018;MAR2018;AVR2018;MAI2018;JUN2018;JUL2018;AUG2018;SEP2018;OCT2018;NOV2018;DEC2018;JAN2019;FEV2019;MAR2019;AVR2019;MAI2019;JUN2019;JUL2019;AUG2019;SEP2019;OCT2019;NOV2019;DEC2019;JAN2020;FEV2020;MAR2020;AVR2020;MAI2020;JUN2020;JUL2020;AUG2020;SEP2020;OCT2020;NOV2020;DEC2020;JAN2021;FEV2021;MAR2021;AVR2021;MAI2021;JUN2021;JUL2021;AUG2021;SEP2021;OCT2021;NOV2021;DEC2021;JAN2022;FEV2022;MAR2022;AVR2022;MAI2022;JUN2022;JUL2022;AUG2022;SEP2022;OCT2022;NOV2022;DEC2022;JAN2023;FEV2023;MAR2023;AVR2023;MAI2023;JUN2023;JUL2023;AUG2023;SEP2023;OCT2023;NOV2023;DEC2023;JAN2024;FEV2024;MAR2024;AVR2024;MAI2024;JUN2024;JUL2024;AUG2024;SEP2024;OCT2024;NOV2024;DEC2024;JAN2025;FEV2025;MAR2025;AVR2025;MAI2025;JUN2025;JUL2025;AUG2025;SEP2025;OCT2025;NOV2025;DEC2025;JAN2026;FEV2026;MAR2026;AVR2026;MAI2026;JUN2026;JUL2026;AUG2026;SEP2026;OCT2026;NOV2026;DEC2026;
DDDSR3017M0BP;Indice des prix a la consommation;58,700;58,600;59,000;59,000;59,900;61,000;62,300;61,700;61,300;60,700;60,200;59,100;57,700;58,000;58,300;58,600;58,900;60,000;60,600;60,600;60,700;60,900;61,000;60,600;59,900;59,800;60,900;61,700;62,200;63,100;64,400;64,300;64,000;64,600;64,300;63,800;63,400;63,800;64,700;65,000;65,300;66,300;67,500;67,400;66,400;67,400;67,300;66,400;65,100;65,700;65,300;64,700;64,800;65,600;65,800;65,700;65,400;65,100;64,400;63,100;61,700;61,400;61,900;61,300;62,400;63,400;63,900;63,500;63,200;64,500;65,000;64,100;63,300;64,100;64,200;65,600;67,000;67,800;70,000;70,400;70,500;68,600;67,100;66,200;66,200;66,500;67,000;67,300;67,800;68,700;68,900;68,700;69,100;69,200;69,100;68,600;67,800;67,100;67,600;67,600;67,900;69,400;70,000;70,200;70,000;70,500;70,500;70,100;73,400;73,400;73,800;73,800;74,000;75,900;77,100;78,000;77,500;76,300;75,800;75,800;75,400;76,000;75,600;75,900;76,500;76,800;79,200;79,200;79,100;78,500;77,200;76,900;76,700;77,000;77,100;76,000;77,300;78,400;79,300;80,200;79,600;79,000;78,500;78,300;79,400;78,300;78,200;78,600;79,100;80,500;81,300;81,600;82,200;81,600;81,700;82,500;82,400;83,100;83,400;84,300;85,600;85,700;85,500;85,800;86,000;85,100;84,800;84,400;82,600;82,900;82,900;83,300;84,100;84,600;85,100;85,500;85,200;84,500;85,000;84,400;84,300;83,500;83,500;83,500;84,300;85,600;86,200;86,000;85,600;85,600;85,600;85,400;85,000;84,000;84,200;84,800;85,100;86,900;88,600;88,400;87,400;87,400;85,900;86,200;83,700;82,700;82,800;82,700;84,600;85,800;85,300;85,400;85,900;85,500;85,300;85,600;87,200;86,200;86,000;85,000;86,000;87,600;86,600;84,900;87,200;88,700;87,200;87,100;88,300;90,500;89,000;88,200;88,000;86,400;87,600;88,000;88,200;88,600;88,800;87,800;85,800;85,600;84,900;85,100;85,200;86,200;86,700;86,100;86,300;85,500;85,200;84,800;85,100;85,700;83,700;83,500;84,100;85,700;87,200;87,900;87,400;89,200;87,300;85,500;85,700;86,500;86,700;87,500;88,600;89,100;89,000;89,100;91,600;92,500;92,900;93,000;93,200;93,000;93,900;95,600;97,200;97,700;99,500;101,500;101,900;101,900;100,300;100,200;98,800;98,500;101,000;99,300;100,100;99,800;100,000;100,800;101,500;100,100;100,300;99,700;99,400;98,500;98,900;100,200;101,300;104,000;105,500;107,100;107,100;106,700;105,200;104,700;105,700;104,800;105,500;106,400;107,000;107,400;107,900;107,300;107,300;105,400;105,900;105,020;104,850;105,430;105,700;106,200;107,000;-;-;-;-;-;-;-;
DDDSR3021M0BP;Indice des prix de la fonction alimentation;53,100;53,000;53,300;52,900;54,300;56,900;59,300;57,300;56,000;55,200;54,200;52,600;50,800;50,900;50,600;49,800;50,500;52,600;53,600;53,500;53,500;53,400;53,700;53,000;52,400;51,900;53,400;54,600;55,100;57,100;59,600;59,400;58,900;59,200;58,900;58,100;57,800;58,400;58,300;58,200;59,000;61,300;63,500;63,400;61,500;63,000;62,300;60,700;58,800;59,200;58,000;57,100;57,100;59,100;59,800;59,600;58,900;58,400;56,800;54,300;52,600;51,700;51,300;50,500;52,700;54,600;55,300;54,800;54,000;56,700;57,500;55,600;54,500;55,200;55,700;58,300;60,400;61,900;66,000;66,700;66,500;62,400;58,900;57,300;56,400;57,200;58,200;58,600;59,800;61,600;61,700;61,300;61,600;62,100;61,800;60,800;59,000;57,200;58,400;58,100;59,000;61,900;63,200;63,500;63,000;63,900;64,000;63,300;65,800;66,100;66,800;67,200;67,400;69,600;72,200;72,800;72,600;70,900;69,300;69,400;68,700;69,800;68,700;69,500;70,500;71,300;75,600;75,700;74,900;72,900;72,600;71,400;71,800;72,100;71,900;71,200;73,000;74,900;76,300;77,700;76,800;75,300;74,700;74,600;75,900;74,000;73,400;73,700;75,100;78,200;79,700;80,400;81,500;80,700;81,200;82,200;81,600;81,900;82,300;84,000;86,100;86,600;86,100;86,100;86,000;84,100;83,400;82,800;80,300;79,700;79,400;79,900;81,200;82,000;83,000;83,800;82,800;81,800;82,600;81,400;80,900;78,700;78,900;79,100;80,100;82,500;83,900;82,700;82,000;82,500;82,500;82,000;81,500;80,500;80,000;81,000;81,900;85,500;88,900;88,600;86,500;84,800;82,700;83,400;78,700;77,500;78,300;78,300;81,000;83,200;83,100;82,400;83,800;82,900;81,700;81,800;84,000;82,600;81,000;81,200;81,800;84,100;82,500;79,500;82,300;85,800;84,300;84,300;86,600;89,600;87,300;85,800;85,700;81,600;83,600;84,300;83,800;84,000;83,900;81,600;79,500;79,900;78,800;78,900;78,900;80,100;81,300;80,600;81,500;80,300;79,800;79,200;79,500;80,900;78,200;78,300;79,200;81,300;83,900;84,700;83,900;86,100;83,600;81,800;81,600;82,000;81,900;82,500;84,600;85,300;85,900;85,800;89,400;90,800;90,600;91,100;91,100;91,100;91,900;93,500;97,800;97,300;99,600;102,600;103,300;104,000;102,000;100,500;98,000;97,200;101,700;98,800;99,600;99,100;100,100;101,100;102,700;101,200;100,800;99,700;99,000;98,300;98,300;99,700;100,800;104,000;106,500;109,700;109,500;109,200;106,800;105,600;106,500;105,100;104,500;106,900;107,900;108,600;109,300;108,700;108,300;104,700;105,400;103,520;103,360;104,480;104,600;104,800;106,600;-;-;-;-;-;-;-;

NIGER;
CODE;LIBELLE;JAN1999;FEV1999;MAR1999;AVR1999;MAI1999;JUN1999;JUL1999;AUG1999;SEP1999;OCT1999;NOV1999;DEC1999;JAN2000;FEV2000;MAR2000;AVR2000;MAI2000;JUN2000;JUL2000;AUG2000;SEP2000;OCT2000;NOV2000;DEC2000;JAN2001;FEV2001;MAR2001;AVR2001;MAI2001;JUN2001;JUL2001;AUG2001;SEP2001;OCT2001;NOV2001;DEC2001;JAN2002;FEV2002;MAR2002;AVR2002;MAI2002;JUN2002;JUL2002;AUG2002;SEP2002;OCT2002;NOV2002;DEC2002;JAN2003;FEV2003;MAR2003;AVR2003;MAI2003;JUN2003;JUL2003;AUG2003;SEP2003;OCT2003;NOV2003;DEC2003;JAN2004;FEV2004;MAR2004;AVR2004;MAI2004;JUN2004;JUL2004;AUG2004;SEP2004;OCT2004;NOV2004;DEC2004;JAN2005;FEV2005;MAR2005;AVR2005;MAI2005;JUN2005;JUL2005;AUG2005;SEP2005;OCT2005;NOV2005;DEC2005;JAN2006;FEV2006;MAR2006;AVR2006;MAI2006;JUN2006;JUL2006;AUG2006;SEP2006;OCT2006;NOV2006;DEC2006;JAN2007;FEV2007;MAR2007;AVR2007;MAI2007;JUN2007;JUL2007;AUG2007;SEP2007;OCT2007;NOV2007;DEC2007;JAN2008;FEV2008;MAR2008;AVR2008;MAI2008;JUN2008;JUL2008;AUG2008;SEP2008;OCT2008;NOV2008;DEC2008;JAN2009;FEV2009;MAR2009;AVR2009;MAI2009;JUN2009;JUL2009;AUG2009;SEP2009;OCT2009;NOV2009;DEC2009;JAN2010;FEV2010;MAR2010;AVR2010;MAI2010;JUN2010;JUL2010;AUG2010;SEP2010;OCT2010;NOV2010;DEC2010;JAN2011;FEV2011;MAR2011;AVR2011;MAI2011;JUN2011;JUL2011;AUG2011;SEP2011;OCT2011;NOV2011;DEC2011;JAN2012;FEV2012;MAR2012;AVR2012;MAI2012;JUN2012;JUL2012;AUG2012;SEP2012;OCT2012;NOV2012;DEC2012;JAN2013;FEV2013;MAR2013;AVR2013;MAI2013;JUN2013;JUL2013;AUG2013;SEP2013;OCT2013;NOV2013;DEC2013;JAN2014;FEV2014;MAR2014;AVR2014;MAI2014;JUN2014;JUL2014;AUG2014;SEP2014;OCT2014;NOV2014;DEC2014;JAN2015;FEV2015;MAR2015;AVR2015;MAI2015;JUN2015;JUL2015;AUG2015;SEP2015;OCT2015;NOV2015;DEC2015;JAN2016;FEV2016;MAR2016;AVR2016;MAI2016;JUN2016;JUL2016;AUG2016;SEP2016;OCT2016;NOV2016;DEC2016;JAN2017;FEV2017;MAR2017;AVR2017;MAI2017;JUN2017;JUL2017;AUG2017;SEP2017;OCT2017;NOV2017;DEC2017;JAN2018;FEV2018;MAR2018;AVR2018;MAI2018;JUN2018;JUL2018;AUG2018;SEP2018;OCT2018;NOV2018;DEC2018;JAN2019;FEV2019;MAR2019;AVR2019;MAI2019;JUN2019;JUL2019;AUG2019;SEP2019;OCT2019;NOV2019;DEC2019;JAN2020;FEV2020;MAR2020;AVR2020;MAI2020;JUN2020;JUL2020;AUG2020;SEP2020;OCT2020;NOV2020;DEC2020;JAN2021;FEV2021;MAR2021;AVR2021;MAI2021;JUN2021;JUL2021;AUG2021;SEP2021;OCT2021;NOV2021;DEC2021;JAN2022;FEV2022;MAR2022;AVR2022;MAI2022;JUN2022;JUL2022;AUG2022;SEP2022;OCT2022;NOV2022;DEC2022;JAN2023;FEV2023;MAR2023;AVR2023;MAI2023;JUN2023;JUL2023;AUG2023;SEP2023;OCT2023;NOV2023;DEC2023;JAN2024;FEV2024;MAR2024;AVR2024;MAI2024;JUN2024;JUL2024;AUG2024;SEP2024;OCT2024;NOV2024;DEC2024;JAN2025;FEV2025;MAR2025;AVR2025;MAI2025;JUN2025;JUL2025;AUG2025;SEP2025;OCT2025;NOV2025;DEC2025;JAN2026;FEV2026;MAR2026;AVR2026;MAI2026;JUN2026;JUL2026;AUG2026;SEP2026;OCT2026;NOV2026;DEC2026;
HHHSR3017M0BP;Indice des prix a la consommation;61,100;61,000;61,100;61,200;61,700;63,900;62,600;62,500;62,400;61,400;61,400;61,800;61,300;61,100;61,200;61,300;63,600;65,800;65,400;65,000;64,500;64,200;64,400;64,400;63,700;63,400;64,500;65,700;66,000;66,900;67,800;67,500;67,600;66,300;66,500;66,400;66,100;66,400;66,700;67,100;67,300;69,700;69,400;68,800;67,900;67,700;68,000;66,800;66,200;66,800;66,700;66,600;66,600;68,000;67,500;67,000;66,300;66,300;66,500;65,800;65,400;64,600;64,300;64,700;65,700;67,700;67,800;67,900;67,500;68,400;69,800;68,200;68,600;68,400;69,300;70,100;70,700;74,500;75,400;77,000;74,200;73,200;72,400;71,100;70,800;70,600;71,000;70,900;71,700;73,700;73,600;73,700;73,600;72,900;71,300;71,300;70,500;70,300;70,100;70,000;70,700;71,900;72,700;72,600;73,200;74,300;74,700;74,700;77,500;77,200;77,400;77,300;77,700;79,900;81,700;81,800;81,500;81,300;81,500;81,700;80,200;79,700;79,000;78,900;80,000;81,600;80,900;81,700;81,600;80,900;81,800;81,200;80,300;80,300;78,800;79,100;81,100;83,000;82,700;82,700;82,100;81,500;81,600;83,300;84,000;82,500;81,800;82,100;82,500;84,900;84,600;85,400;84,500;84,000;84,600;84,500;83,400;82,200;81,900;82,800;84,500;84,800;85,200;85,200;85,200;84,800;84,800;85,100;84,200;83,800;83,500;84,000;85,500;86,900;88,700;88,500;88,000;87,200;86,700;86,000;85,600;83,900;83,100;83,300;85,000;85,800;86,300;86,200;86,500;86,300;86,300;85,600;85,100;84,600;83,700;84,300;84,400;86,800;87,400;86,800;87,600;87,800;87,900;87,400;86,500;84,700;84,600;84,600;86,200;87,700;87,500;87,500;87,700;87,300;86,200;85,500;84,700;85,200;84,700;86,200;86,000;86,700;87,600;87,200;87,000;88,000;87,100;87,000;88,100;87,300;87,700;88,600;89,800;90,400;89,600;90,000;89,200;88,700;88,200;88,400;86,600;86,600;86,200;86,100;86,700;87,100;86,400;86,800;86,700;87,000;86,600;86,400;86,600;86,900;87,200;88,200;89,100;89,400;90,900;91,700;91,300;89,900;89,100;89,000;89,900;91,000;90,600;91,200;91,600;92,800;94,300;95,100;94,400;93,200;93,000;93,400;94,700;95,300;95,400;96,100;96,700;97,100;97,900;98,300;97,400;95,900;96,300;96,200;96,700;96,300;96,700;97,000;96,900;98,700;100,900;103,000;105,000;102,900;102,800;103,100;103,300;104,200;104,900;107,700;109,500;114,000;115,900;113,500;112,900;108,300;106,700;107,900;107,600;107,900;108,200;108,400;105,300;105,200;105,400;103,300;101,500;99,500;98,900;97,800;96,700;97,100;98,100;98,800;100,300;-;-;-;-;-;-;-;
HHHSR3021M0BP;Indice des prix de la fonction alimentation;45,300;45,200;44,700;44,900;45,600;46,500;47,100;46,800;46,700;44,200;44,900;45,000;44,600;44,600;44,800;45,500;47,200;50,400;49,400;48,200;47,200;46,600;46,700;46,400;46,100;46,000;47,700;49,300;50,000;52,000;53,100;52,500;52,900;50,800;51,200;51,200;50,800;51,200;51,300;51,700;51,700;55,600;55,200;54,100;52,700;51,900;52,100;50,000;49,200;50,000;49,500;49,400;50,000;52,500;51,500;50,300;49,000;48,700;49,200;48,300;47,900;46,600;46,100;46,500;47,900;50,300;50,300;50,400;49,600;51,100;52,900;50,500;51,500;51,600;52,900;54,100;54,900;60,900;62,200;64,400;59,700;57,900;56,400;54,200;54,000;53,700;54,400;54,200;55,000;57,900;57,900;57,700;57,000;55,800;54,200;54,300;53,200;52,600;52,300;52,400;53,600;55,400;56,000;55,900;56,500;58,000;58,500;58,200;61,500;60,600;61,100;60,800;61,600;65,800;69,300;69,300;69,000;68,500;68,900;69,500;70,700;69,900;68,700;68,500;70,900;74,200;72,900;74,800;74,800;73,200;74,300;73,100;72,900;71,600;68,400;69,000;73,100;77,100;76,300;76,300;74,700;73,500;73,600;77,300;77,400;74,300;72,800;73,300;74,300;78,300;77,100;78,300;76,700;76,200;77,500;77,400;76,000;73,600;72,900;74,900;78,400;80,600;81,400;81,600;81,600;80,700;80,500;81,200;78,800;78,000;77,300;78,400;81,100;83,800;86,700;86,300;85,300;84,500;83,300;81,900;80,700;78,300;76,800;77,200;80,300;82,100;83,200;83,000;83,600;83,000;83,100;81,600;79,500;78,300;76,300;77,700;78,000;82,700;84,100;82,700;84,500;84,900;84,900;83,800;80,900;77,300;79,100;76,800;80,100;83,100;82,700;82,800;83,100;82,400;80,300;79,000;75,900;80,500;80,600;83,500;84,000;85,800;86,900;85,900;85,200;82,000;84,500;84,200;84,500;82,000;80,800;81,500;84,300;85,600;84,200;84,900;83,000;82,000;81,000;80,700;79,000;79,000;78,500;78,400;79,200;80,000;79,000;79,300;79,000;79,600;79,000;78,600;78,900;78,800;79,500;81,500;83,000;83,400;86,200;87,800;87,100;84,500;83,200;83,200;83,900;85,500;84,700;86,800;87,800;90,100;92,900;94,300;92,900;91,000;90,300;91,200;93,200;94,200;94,400;95,300;96,300;97,500;98,400;99,300;97,500;94,700;95,100;94,800;94,500;93,600;94,400;95,000;94,500;97,500;101,400;105,400;109,800;105,200;104,400;104,400;103,500;103,800;106,200;109,900;112,900;121,300;124,400;121,500;119,300;110,800;108,100;110,600;115,000;115,600;117,500;120,000;112,800;110,000;110,200;106,400;101,700;98,400;97,400;94,800;92,100;92,800;94,800;95,900;99,400;-;-;-;-;-;-;-;

SENEGAL;
CODE;LIBELLE;JAN1999;FEV1999;MAR1999;AVR1999;MAI1999;JUN1999;JUL1999;AUG1999;SEP1999;OCT1999;NOV1999;DEC1999;JAN2000;FEV2000;MAR2000;AVR2000;MAI2000;JUN2000;JUL2000;AUG2000;SEP2000;OCT2000;NOV2000;DEC2000;JAN2001;FEV2001;MAR2001;AVR2001;MAI2001;JUN2001;JUL2001;AUG2001;SEP2001;OCT2001;NOV2001;DEC2001;JAN2002;FEV2002;MAR2002;AVR2002;MAI2002;JUN2002;JUL2002;AUG2002;SEP2002;OCT2002;NOV2002;DEC2002;JAN2003;FEV2003;MAR2003;AVR2003;MAI2003;JUN2003;JUL2003;AUG2003;SEP2003;OCT2003;NOV2003;DEC2003;JAN2004;FEV2004;MAR2004;AVR2004;MAI2004;JUN2004;JUL2004;AUG2004;SEP2004;OCT2004;NOV2004;DEC2004;JAN2005;FEV2005;MAR2005;AVR2005;MAI2005;JUN2005;JUL2005;AUG2005;SEP2005;OCT2005;NOV2005;DEC2005;JAN2006;FEV2006;MAR2006;AVR2006;MAI2006;JUN2006;JUL2006;AUG2006;SEP2006;OCT2006;NOV2006;DEC2006;JAN2007;FEV2007;MAR2007;AVR2007;MAI2007;JUN2007;JUL2007;AUG2007;SEP2007;OCT2007;NOV2007;DEC2007;JAN2008;FEV2008;MAR2008;AVR2008;MAI2008;JUN2008;JUL2008;AUG2008;SEP2008;OCT2008;NOV2008;DEC2008;JAN2009;FEV2009;MAR2009;AVR2009;MAI2009;JUN2009;JUL2009;AUG2009;SEP2009;OCT2009;NOV2009;DEC2009;JAN2010;FEV2010;MAR2010;AVR2010;MAI2010;JUN2010;JUL2010;AUG2010;SEP2010;OCT2010;NOV2010;DEC2010;JAN2011;FEV2011;MAR2011;AVR2011;MAI2011;JUN2011;JUL2011;AUG2011;SEP2011;OCT2011;NOV2011;DEC2011;JAN2012;FEV2012;MAR2012;AVR2012;MAI2012;JUN2012;JUL2012;AUG2012;SEP2012;OCT2012;NOV2012;DEC2012;JAN2013;FEV2013;MAR2013;AVR2013;MAI2013;JUN2013;JUL2013;AUG2013;SEP2013;OCT2013;NOV2013;DEC2013;JAN2014;FEV2014;MAR2014;AVR2014;MAI2014;JUN2014;JUL2014;AUG2014;SEP2014;OCT2014;NOV2014;DEC2014;JAN2015;FEV2015;MAR2015;AVR2015;MAI2015;JUN2015;JUL2015;AUG2015;SEP2015;OCT2015;NOV2015;DEC2015;JAN2016;FEV2016;MAR2016;AVR2016;MAI2016;JUN2016;JUL2016;AUG2016;SEP2016;OCT2016;NOV2016;DEC2016;JAN2017;FEV2017;MAR2017;AVR2017;MAI2017;JUN2017;JUL2017;AUG2017;SEP2017;OCT2017;NOV2017;DEC2017;JAN2018;FEV2018;MAR2018;AVR2018;MAI2018;JUN2018;JUL2018;AUG2018;SEP2018;OCT2018;NOV2018;DEC2018;JAN2019;FEV2019;MAR2019;AVR2019;MAI2019;JUN2019;JUL2019;AUG2019;SEP2019;OCT2019;NOV2019;DEC2019;JAN2020;FEV2020;MAR2020;AVR2020;MAI2020;JUN2020;JUL2020;AUG2020;SEP2020;OCT2020;NOV2020;DEC2020;JAN2021;FEV2021;MAR2021;AVR2021;MAI2021;JUN2021;JUL2021;AUG2021;SEP2021;OCT2021;NOV2021;DEC2021;JAN2022;FEV2022;MAR2022;AVR2022;MAI2022;JUN2022;JUL2022;AUG2022;SEP2022;OCT2022;NOV2022;DEC2022;JAN2023;FEV2023;MAR2023;AVR2023;MAI2023;JUN2023;JUL2023;AUG2023;SEP2023;OCT2023;NOV2023;DEC2023;JAN2024;FEV2024;MAR2024;AVR2024;MAI2024;JUN2024;JUL2024;AUG2024;SEP2024;OCT2024;NOV2024;DEC2024;JAN2025;FEV2025;MAR2025;AVR2025;MAI2025;JUN2025;JUL2025;AUG2025;SEP2025;OCT2025;NOV2025;DEC2025;JAN2026;FEV2026;MAR2026;AVR2026;MAI2026;JUN2026;JUL2026;AUG2026;SEP2026;OCT2026;NOV2026;DEC2026;
KKKSR3017M0BP;Indice des prix a la consommation;63,000;62,800;62,600;62,500;62,300;62,300;63,500;64,100;64,200;64,000;63,900;63,400;61,300;61,100;61,400;61,400;61,100;60,400;61,300;61,500;62,900;62,800;62,100;62,200;62,400;62,300;62,200;62,100;61,900;62,800;63,600;64,600;64,700;65,500;64,800;64,600;64,100;64,600;64,700;64,700;64,600;64,100;64,700;65,400;66,000;65,300;65,500;65,600;65,200;65,000;64,800;64,700;64,000;63,900;64,600;65,200;66,100;65,900;65,200;64,600;64,700;64,900;64,900;64,500;64,000;64,400;65,400;66,000;66,000;66,300;65,700;65,700;65,300;65,300;65,100;64,900;65,000;64,400;66,600;67,400;68,100;69,200;67,300;66,600;66,500;66,700;67,100;66,900;66,300;66,600;66,600;68,300;69,000;69,700;69,400;69,200;69,400;70,100;71,100;70,800;70,100;70,600;72,000;68,300;73,100;73,600;74,100;73,500;73,600;74,000;74,200;74,500;74,400;74,700;75,500;77,500;78,900;79,100;77,200;76,600;75,300;75,400;75,300;74,800;74,100;73,800;74,100;75,200;75,600;76,400;75,900;75,000;74,200;74,200;74,100;73,400;73,100;73,900;75,000;75,900;76,600;76,900;76,700;76,800;77,200;76,900;76,500;76,500;76,800;77,000;77,400;77,900;78,600;79,000;78,800;78,900;78,400;78,600;78,600;78,100;77,200;77,200;77,600;78,800;79,600;80,500;80,300;79,800;78,900;78,800;78,400;78,400;78,200;77,700;78,500;79,700;80,400;81,500;81,000;79,800;79,500;78,400;78,100;77,500;76,800;76,900;77,400;78,800;79,300;79,900;79,200;79,100;77,600;77,500;77,000;77,000;77,300;77,400;78,300;78,800;79,900;81,500;80,400;79,400;78,800;78,500;78,000;77,600;77,300;77,800;78,500;79,800;80,900;81,200;80,500;81,100;79,600;79,400;79,700;79,100;79,700;80,800;82,000;82,500;82,500;82,700;81,900;81,500;80,900;81,000;80,300;80,400;79,900;79,800;80,700;82,100;83,000;82,800;82,500;82,400;81,400;81,200;80,900;81,000;81,100;81,400;81,600;83,200;83,500;83,800;83,600;82,900;83,100;82,800;82,900;83,700;83,200;83,000;83,800;85,600;85,900;86,000;85,600;85,000;83,800;84,200;83,800;84,000;84,300;84,700;86,300;87,900;88,500;88,800;88,100;88,200;88,400;89,700;89,000;89,900;90,500;92,200;95,800;97,900;99,000;100,300;100,500;99,500;97,800;98,200;97,500;98,000;98,000;99,100;101,200;103,000;102,700;102,700;101,500;100,300;99,800;100,400;100,700;100,200;100,100;100,400;100,500;101,100;102,000;102,500;101,300;100,500;101,600;101,000;100,500;100,000;100,300;101,200;102,300;103,400;104,700;104,400;104,300;103,300;102,000;101,800;101,900;101,400;101,600;-;-;-;-;-;-;-;
KKKSR3021M0BP;Indice des prix de la fonction alimentation;52,100;51,600;51,300;51,200;50,200;50,300;52,700;53,600;53,300;52,800;52,400;51,500;46,800;46,600;46,700;46,700;46,000;44,800;46,400;47,000;49,300;48,500;46,900;47,200;47,400;47,300;47,000;46,800;46,500;48,100;49,600;51,400;51,600;52,800;51,300;50,900;50,500;51,200;51,700;51,500;50,900;49,900;51,000;52,200;53,500;51,800;52,300;52,400;51,900;51,400;50,500;51,500;49,500;49,600;50,900;52,000;53,600;53,100;51,800;50,700;50,800;51,200;51,100;50,300;49,500;50,000;51,900;53,100;52,900;53,400;52,500;52,400;51,800;52,300;51,800;51,400;51,500;50,000;54,400;55,600;56,800;58,100;54,400;53,400;52,700;53,300;54,000;53,500;52,200;52,500;54,400;55,200;56,500;57,000;56,300;55,900;54,900;55,900;57,500;56,900;55,600;56,300;58,900;55,200;60,700;61,300;62,200;60,900;60,900;61,500;61,600;62,100;61,700;62,300;63,200;65,900;68,500;69,100;65,600;64,800;63,300;63,200;62,800;61,900;60,500;59,800;60,300;61,700;62,600;64,200;62,900;61,200;62,400;62,200;61,800;60,500;59,400;61,400;64,300;66,400;68,300;69,000;68,400;67,700;68,300;67,600;66,500;66,300;66,500;66,900;68,000;69,400;70,400;71,100;71,000;71,100;69,300;69,500;69,500;68,700;66,500;66,500;67,900;70,900;73,300;74,800;74,100;72,600;70,100;69,900;69,000;68,700;68,400;67,500;69,400;72,700;74,200;76,800;75,600;72,300;71,400;70,200;68,900;67,700;66,100;66,300;67,200;70,800;72,200;73,700;72,000;72,200;68,900;68,700;67,500;67,600;68,000;68,200;70,700;71,900;74,700;78,500;76,000;73,300;71,700;71,500;70,500;69,900;69,200;70,200;71,700;75,200;77,900;78,800;77,200;78,300;75,000;72,200;72,300;71,900;73,900;74,600;76,500;77,800;77,600;77,800;76,500;76,000;75,200;75,600;74,000;74,400;73,100;72,600;74,300;77,000;78,300;78,300;77,200;77,300;75,700;75,400;74,700;75,200;74,700;75,000;75,300;77,600;78,400;78,900;78,300;77,100;77,200;76,600;76,700;78,000;77,000;76,700;78,100;81,400;81,600;82,100;81,100;80,000;77,700;78,500;77,500;77,900;78,200;78,900;81,700;84,500;85,300;85,600;84,200;84,300;84,800;86,800;85,400;86,800;87,700;90,000;95,700;99,000;100,700;102,400;102,200;100,100;96,400;96,900;95,600;96,700;96,800;98,500;102,200;105,500;104,800;104,700;102,100;99,800;98,900;100,100;100,400;99,500;99,200;100,000;100,200;101,200;102,700;103,500;101,400;99,900;101,900;100,600;99,500;98,300;98,900;100,600;103,000;105,100;107,700;100,700;106,400;104,400;101,400;100,800;101,200;100,000;99,800;-;-;-;-;-;-;-;

GUINEE BISSAU;
CODE;LIBELLE;JAN1999;FEV1999;MAR1999;AVR1999;MAI1999;JUN1999;JUL1999;AUG1999;SEP1999;OCT1999;NOV1999;DEC1999;JAN2000;FEV2000;MAR2000;AVR2000;MAI2000;JUN2000;JUL2000;AUG2000;SEP2000;OCT2000;NOV2000;DEC2000;JAN2001;FEV2001;MAR2001;AVR2001;MAI2001;JUN2001;JUL2001;AUG2001;SEP2001;OCT2001;NOV2001;DEC2001;JAN2002;FEV2002;MAR2002;AVR2002;MAI2002;JUN2002;JUL2002;AUG2002;SEP2002;OCT2002;NOV2002;DEC2002;JAN2003;FEV2003;MAR2003;AVR2003;MAI2003;JUN2003;JUL2003;AUG2003;SEP2003;OCT2003;NOV2003;DEC2003;JAN2004;FEV2004;MAR2004;AVR2004;MAI2004;JUN2004;JUL2004;AUG2004;SEP2004;OCT2004;NOV2004;DEC2004;JAN2005;FEV2005;MAR2005;AVR2005;MAI2005;JUN2005;JUL2005;AUG2005;SEP2005;OCT2005;NOV2005;DEC2005;JAN2006;FEV2006;MAR2006;AVR2006;MAI2006;JUN2006;JUL2006;AUG2006;SEP2006;OCT2006;NOV2006;DEC2006;JAN2007;FEV2007;MAR2007;AVR2007;MAI2007;JUN2007;JUL2007;AUG2007;SEP2007;OCT2007;NOV2007;DEC2007;JAN2008;FEV2008;MAR2008;AVR2008;MAI2008;JUN2008;JUL2008;AUG2008;SEP2008;OCT2008;NOV2008;DEC2008;JAN2009;FEV2009;MAR2009;AVR2009;MAI2009;JUN2009;JUL2009;AUG2009;SEP2009;OCT2009;NOV2009;DEC2009;JAN2010;FEV2010;MAR2010;AVR2010;MAI2010;JUN2010;JUL2010;AUG2010;SEP2010;OCT2010;NOV2010;DEC2010;JAN2011;FEV2011;MAR2011;AVR2011;MAI2011;JUN2011;JUL2011;AUG2011;SEP2011;OCT2011;NOV2011;DEC2011;JAN2012;FEV2012;MAR2012;AVR2012;MAI2012;JUN2012;JUL2012;AUG2012;SEP2012;OCT2012;NOV2012;DEC2012;JAN2013;FEV2013;MAR2013;AVR2013;MAI2013;JUN2013;JUL2013;AUG2013;SEP2013;OCT2013;NOV2013;DEC2013;JAN2014;FEV2014;MAR2014;AVR2014;MAI2014;JUN2014;JUL2014;AUG2014;SEP2014;OCT2014;NOV2014;DEC2014;JAN2015;FEV2015;MAR2015;AVR2015;MAI2015;JUN2015;JUL2015;AUG2015;SEP2015;OCT2015;NOV2015;DEC2015;JAN2016;FEV2016;MAR2016;AVR2016;MAI2016;JUN2016;JUL2016;AUG2016;SEP2016;OCT2016;NOV2016;DEC2016;JAN2017;FEV2017;MAR2017;AVR2017;MAI2017;JUN2017;JUL2017;AUG2017;SEP2017;OCT2017;NOV2017;DEC2017;JAN2018;FEV2018;MAR2018;AVR2018;MAI2018;JUN2018;JUL2018;AUG2018;SEP2018;OCT2018;NOV2018;DEC2018;JAN2019;FEV2019;MAR2019;AVR2019;MAI2019;JUN2019;JUL2019;AUG2019;SEP2019;OCT2019;NOV2019;DEC2019;JAN2020;FEV2020;MAR2020;AVR2020;MAI2020;JUN2020;JUL2020;AUG2020;SEP2020;OCT2020;NOV2020;DEC2020;JAN2021;FEV2021;MAR2021;AVR2021;MAI2021;JUN2021;JUL2021;AUG2021;SEP2021;OCT2021;NOV2021;DEC2021;JAN2022;FEV2022;MAR2022;AVR2022;MAI2022;JUN2022;JUL2022;AUG2022;SEP2022;OCT2022;NOV2022;DEC2022;JAN2023;FEV2023;MAR2023;AVR2023;MAI2023;JUN2023;JUL2023;AUG2023;SEP2023;OCT2023;NOV2023;DEC2023;JAN2024;FEV2024;MAR2024;AVR2024;MAI2024;JUN2024;JUL2024;AUG2024;SEP2024;OCT2024;NOV2024;DEC2024;JAN2025;FEV2025;MAR2025;AVR2025;MAI2025;JUN2025;JUL2025;AUG2025;SEP2025;OCT2025;NOV2025;DEC2025;JAN2026;FEV2026;MAR2026;AVR2026;MAI2026;JUN2026;JUL2026;AUG2026;SEP2026;OCT2026;NOV2026;DEC2026;
SSSSR3017M0BP;Indice des prix a la consommation;52,400;52,500;52,400;52,400;52,600;53,000;53,000;53,700;53,700;53,000;52,400;52,500;52,700;52,700;53,400;53,800;54,200;54,900;55,000;55,200;54,700;54,600;54,200;54,300;55,300;55,600;55,900;56,100;56,800;57,100;57,000;56,900;56,600;56,700;56,800;56,900;57,800;57,800;57,800;58,000;58,000;58,700;66,700;65,700;64,300;63,900;62,600;61,100;60,800;61,200;60,600;60,700;61,300;61,600;61,900;62,800;63,300;62,900;62,600;61,500;61,200;61,100;61,200;61,700;61,900;62,700;62,700;63,000;62,800;63,100;63,000;63,300;63,600;63,600;63,400;63,600;65,600;65,000;65,100;65,000;65,100;64,800;64,400;63,500;63,000;64,000;64,400;64,500;65,000;66,300;66,900;67,600;67,300;67,300;66,100;65,500;65,700;65,700;66,800;67,600;67,500;68,000;68,900;69,700;70,200;70,400;72,300;71,600;71,400;72,800;72,800;73,700;73,400;73,300;74,400;74,500;75,000;74,300;76,000;73,000;73,100;72,800;72,200;71,800;72,000;72,400;72,600;72,500;72,400;71,100;71,400;71,300;71,400;71,900;72,500;72,600;72,700;73,300;73,500;74,800;74,800;74,600;75,000;75,200;76,300;75,700;76,100;76,900;77,800;78,500;78,400;78,100;78,400;77,300;77,500;77,700;77,900;78,000;77,700;78,400;79,500;79,900;79,700;79,800;80,100;79,100;79,300;79,100;79,100;79,400;79,400;79,000;79,400;79,200;79,700;80,300;80,000;80,400;80,100;79,000;78,800;77,700;77,400;78,000;78,300;77,700;79,300;79,400;80,200;80,100;79,700;78,900;79,000;78,100;78,000;78,300;78,600;79,400;80,200;81,500;82,400;81,600;81,400;80,800;80,900;80,100;79,800;80,000;80,700;81,400;81,500;82,000;81,400;81,900;82,000;82,100;81,600;80,900;81,200;81,500;82,600;82,200;82,800;82,800;82,900;82,200;81,700;81,200;80,900;81,200;80,400;81,300;83,100;82,700;82,500;82,800;83,100;83,600;82,700;83,100;82,800;83,200;82,500;82,100;81,500;81,500;82,600;82,500;83,000;83,100;82,300;83,000;82,600;82,700;83,500;84,600;83,800;83,700;83,600;83,800;84,500;84,100;83,600;84,300;84,000;83,900;84,100;84,800;85,100;85,900;87,800;87,900;88,100;88,600;88,300;89,200;89,400;89,600;89,800;90,500;91,200;93,100;94,300;95,900;95,500;96,100;96,800;97,600;98,100;98,800;98,900;99,600;100,300;101,400;101,700;101,100;100,000;99,800;99,700;100,600;101,200;101,300;101,200;102,400;103,600;104,100;104,800;104,900;105,000;104,700;104,900;106,400;106,700;107,200;108,400;106,400;104,300;103,800;102,800;103,200;103,100;103,100;103,000;103,400;103,400;103,400;103,700;104,100;103,000;-;-;-;-;-;-;-;
SSSSR3021M0BP;Indice des prix de la fonction alimentation;-;-;-;-;-;-;-;-;-;-;-;-;-;-;-;-;-;-;-;-;-;-;-;-;-;-;-;-;-;-;-;-;-;-;-;-;-;-;-;-;-;-;57,000;55,600;53,500;53,200;51,700;49,700;49,100;49,900;49,200;49,600;50,300;50,600;50,800;51,700;52,800;52,400;52,400;50,100;49,700;49,600;49,600;50,600;50,700;51,900;51,700;52,200;51,900;52,200;52,200;52,200;52,300;52,000;52,200;52,500;55,200;53,900;54,000;54,000;53,900;53,300;52,700;51,300;50,500;52,000;52,200;52,200;52,500;54,400;54,700;55,600;55,100;55,000;53,500;52,700;53,000;53,200;53,800;55,000;54,900;55,400;56,600;57,700;58,200;58,500;61,400;60,300;59,800;60,100;60,100;60,300;59,600;63,100;66,000;65,900;66,200;65,000;68,800;62,600;62,300;63,400;61,800;61,600;61,900;62,800;63,000;62,900;62,500;59,700;60,100;59,900;58,300;59,100;60,500;60,700;61,200;62,400;62,500;65,500;65,600;65,000;65,900;66,300;65,500;64,200;65,200;66,900;68,900;70,100;69,900;69,100;69,700;67,300;67,800;68,200;67,300;67,500;67,100;68,500;70,000;70,800;71,600;71,700;72,200;70,000;70,300;69,900;69,200;69,900;70,300;69,000;69,800;69,500;70,400;71,900;71,100;72,100;71,300;69,000;67,100;67,100;66,800;67,800;68,900;67,500;71,500;71,200;72,200;72,300;71,200;69,500;69,700;68,000;67,700;68,800;69,400;71,100;72,200;74,500;76,300;74,500;74,000;72,700;72,700;71,400;70,200;70,800;72,100;73,000;74,300;75,600;74,800;75,100;74,900;75,000;73,100;72,300;72,800;73,000;73,500;74,700;75,500;75,500;75,600;74,800;73,700;72,800;73,200;73,400;71,600;73,200;75,000;75,200;75,100;75,200;75,600;76,400;76,700;76,600;75,700;76,000;75,000;74,200;73,700;75,000;77,000;76,900;77,700;77,900;76,900;78,300;77,200;77,600;78,900;80,400;79,300;78,700;78,300;78,600;79,000;79,100;78,500;79,900;79,400;79,200;79,300;80,600;81,000;82,300;85,500;85,400;85,900;86,300;85,600;86,700;86,600;87,100;87,000;88,000;89,000;90,200;92,000;94,700;94,000;94,700;96,300;97,500;98,400;99,600;99,500;100,800;102,200;101,800;102,300;101,100;99,000;98,300;97,900;99,100;99,900;100,000;99,800;101,200;102,500;103,300;104,100;105,000;105,200;104,800;105,100;107,400;115,000;115,700;117,400;112,300;108,100;106,700;104,500;105,100;105,400;104,500;104,000;104,300;104,600;104,700;105,000;105,100;102,700;-;-;-;-;-;-;-;

TOGO;
CODE;LIBELLE;JAN1999;FEV1999;MAR1999;AVR1999;MAI1999;JUN1999;JUL1999;AUG1999;SEP1999;OCT1999;NOV1999;DEC1999;JAN2000;FEV2000;MAR2000;AVR2000;MAI2000;JUN2000;JUL2000;AUG2000;SEP2000;OCT2000;NOV2000;DEC2000;JAN2001;FEV2001;MAR2001;AVR2001;MAI2001;JUN2001;JUL2001;AUG2001;SEP2001;OCT2001;NOV2001;DEC2001;JAN2002;FEV2002;MAR2002;AVR2002;MAI2002;JUN2002;JUL2002;AUG2002;SEP2002;OCT2002;NOV2002;DEC2002;JAN2003;FEV2003;MAR2003;AVR2003;MAI2003;JUN2003;JUL2003;AUG2003;SEP2003;OCT2003;NOV2003;DEC2003;JAN2004;FEV2004;MAR2004;AVR2004;MAI2004;JUN2004;JUL2004;AUG2004;SEP2004;OCT2004;NOV2004;DEC2004;JAN2005;FEV2005;MAR2005;AVR2005;MAI2005;JUN2005;JUL2005;AUG2005;SEP2005;OCT2005;NOV2005;DEC2005;JAN2006;FEV2006;MAR2006;AVR2006;MAI2006;JUN2006;JUL2006;AUG2006;SEP2006;OCT2006;NOV2006;DEC2006;JAN2007;FEV2007;MAR2007;AVR2007;MAI2007;JUN2007;JUL2007;AUG2007;SEP2007;OCT2007;NOV2007;DEC2007;JAN2008;FEV2008;MAR2008;AVR2008;MAI2008;JUN2008;JUL2008;AUG2008;SEP2008;OCT2008;NOV2008;DEC2008;JAN2009;FEV2009;MAR2009;AVR2009;MAI2009;JUN2009;JUL2009;AUG2009;SEP2009;OCT2009;NOV2009;DEC2009;JAN2010;FEV2010;MAR2010;AVR2010;MAI2010;JUN2010;JUL2010;AUG2010;SEP2010;OCT2010;NOV2010;DEC2010;JAN2011;FEV2011;MAR2011;AVR2011;MAI2011;JUN2011;JUL2011;AUG2011;SEP2011;OCT2011;NOV2011;DEC2011;JAN2012;FEV2012;MAR2012;AVR2012;MAI2012;JUN2012;JUL2012;AUG2012;SEP2012;OCT2012;NOV2012;DEC2012;JAN2013;FEV2013;MAR2013;AVR2013;MAI2013;JUN2013;JUL2013;AUG2013;SEP2013;OCT2013;NOV2013;DEC2013;JAN2014;FEV2014;MAR2014;AVR2014;MAI2014;JUN2014;JUL2014;AUG2014;SEP2014;OCT2014;NOV2014;DEC2014;JAN2015;FEV2015;MAR2015;AVR2015;MAI2015;JUN2015;JUL2015;AUG2015;SEP2015;OCT2015;NOV2015;DEC2015;JAN2016;FEV2016;MAR2016;AVR2016;MAI2016;JUN2016;JUL2016;AUG2016;SEP2016;OCT2016;NOV2016;DEC2016;JAN2017;FEV2017;MAR2017;AVR2017;MAI2017;JUN2017;JUL2017;AUG2017;SEP2017;OCT2017;NOV2017;DEC2017;JAN2018;FEV2018;MAR2018;AVR2018;MAI2018;JUN2018;JUL2018;AUG2018;SEP2018;OCT2018;NOV2018;DEC2018;JAN2019;FEV2019;MAR2019;AVR2019;MAI2019;JUN2019;JUL2019;AUG2019;SEP2019;OCT2019;NOV2019;DEC2019;JAN2020;FEV2020;MAR2020;AVR2020;MAI2020;JUN2020;JUL2020;AUG2020;SEP2020;OCT2020;NOV2020;DEC2020;JAN2021;FEV2021;MAR2021;AVR2021;MAI2021;JUN2021;JUL2021;AUG2021;SEP2021;OCT2021;NOV2021;DEC2021;JAN2022;FEV2022;MAR2022;AVR2022;MAI2022;JUN2022;JUL2022;AUG2022;SEP2022;OCT2022;NOV2022;DEC2022;JAN2023;FEV2023;MAR2023;AVR2023;MAI2023;JUN2023;JUL2023;AUG2023;SEP2023;OCT2023;NOV2023;DEC2023;JAN2024;FEV2024;MAR2024;AVR2024;MAI2024;JUN2024;JUL2024;AUG2024;SEP2024;OCT2024;NOV2024;DEC2024;JAN2025;FEV2025;MAR2025;AVR2025;MAI2025;JUN2025;JUL2025;AUG2025;SEP2025;OCT2025;NOV2025;DEC2025;JAN2026;FEV2026;MAR2026;AVR2026;MAI2026;JUN2026;JUL2026;AUG2026;SEP2026;OCT2026;NOV2026;DEC2026;
TTTSR3017M0BP;Indice des prix a la consommation;53,700;52,800;52,700;52,700;53,500;53,800;53,700;54,300;54,200;54,000;54,000;54,900;56,800;56,800;55,700;55,600;56,000;55,600;54,700;53,600;52,700;52,600;52,800;53,600;54,700;55,400;56,100;56,800;57,500;57,700;58,800;58,500;56,700;56,200;56,700;57,200;58,300;57,800;58,500;59,600;60,500;60,200;59,000;58,200;57,500;57,700;57,700;58,100;58,200;58,000;57,900;58,500;59,800;59,900;58,900;57,600;57,000;57,000;56,700;57,100;57,700;57,600;57,200;57,900;58,700;58,900;58,700;58,800;57,500;58,200;58,700;59,400;61,200;61,400;61,300;61,800;63,200;63,100;63,600;62,400;61,200;62,500;62,700;62,600;63,600;63,400;63,100;64,100;64,800;64,600;63,200;63,500;64,100;62,600;62,900;63,500;64,300;63,700;63,700;63,800;64,600;64,600;65,600;63,500;62,900;62,800;65,500;65,700;66,600;67,500;67,400;68,100;70,500;69,600;70,200;71,500;71,300;71,700;71,600;71,800;71,600;71,200;71,700;72,100;72,100;72,700;73,200;73,200;73,000;72,700;72,700;72,900;73,000;72,800;73,100;73,500;72,200;73,300;74,400;74,300;72,700;73,100;73,400;75,600;76,400;75,300;75,800;76,400;76,200;76,900;76,500;76,200;75,900;75,000;75,600;76,700;77,500;77,500;77,400;77,900;78,700;78,400;78,400;78,100;77,900;77,900;78,400;79,000;80,200;79,900;80,100;79,800;80,100;80,000;79,500;79,100;79,000;78,500;78,800;78,600;78,500;79,400;79,600;80,300;80,400;80,300;80,300;79,400;78,600;79,400;79,200;80,000;80,700;80,500;80,200;80,300;81,400;81,500;81,700;81,800;81,100;80,800;81,100;81,300;82,200;81,600;81,100;82,100;83,300;83,500;83,400;80,600;80,300;79,900;81,100;81,600;80,900;80,800;81,400;81,900;82,900;83,400;82,300;82,000;81,000;80,400;80,700;81,100;81,200;81,200;81,200;83,100;84,400;83,600;83,000;82,500;81,500;81,300;82,100;82,700;83,300;83,000;82,800;82,800;83,900;84,600;83,600;82,200;81,800;81,600;82,400;82,400;83,900;83,800;84,300;84,800;84,900;84,300;84,800;84,200;84,200;83,900;84,300;85,400;85,500;85,600;85,000;87,300;88,100;89,600;90,600;89,900;89,000;88,900;88,800;90,600;91,900;92,800;92,500;93,900;95,200;95,600;96,000;96,300;96,000;95,300;96,600;97,600;98,700;97,600;98,300;100,400;100,700;101,400;102,100;99,900;99,400;100,100;100,400;101,000;100,600;101,100;101,000;103,000;104,600;105,700;106,200;104,100;102,600;101,800;101,700;102,200;102,800;103,200;102,800;103,800;104,600;106,100;105,000;103,800;102,000;101,300;101,900;102,200;102,800;103,600;104,500;104,600;105,000;-;-;-;-;-;-;-;
TTTSR3021M0BP;Indice des prix de la fonction alimentation;48,400;46,400;46,400;46,600;48,900;49,700;49,100;48,600;48,800;47,500;47,600;49,600;51,400;51,100;49,000;48,700;49,100;49,100;47,400;45,400;41,200;41,000;40,800;42,900;45,400;46,800;47,200;48,800;50,600;51,200;53,200;52,400;47,800;47,000;47,700;48,800;51,400;49,900;51,300;53,800;55,600;55,300;52,500;50,000;47,000;47,100;46,900;48,200;49,300;49,300;48,700;49,900;52,500;52,800;50,100;46,000;45,100;44,700;45,400;46,100;47,200;46,800;45,800;46,600;48,900;49,500;49,200;48,900;45,900;46,500;47,900;49,500;50,200;50,400;50,500;53,900;56,700;56,500;58,100;54,600;51,500;51,400;50,500;50,600;52,500;51,600;51,300;53,800;55,700;55,700;51,800;52,400;53,200;49,100;49,500;51,500;53,500;52,200;51,900;53,300;55,100;55,000;57,100;52,000;50,400;51,500;56,600;57,100;57,800;59,900;59,200;60,700;67,800;65,100;66,300;67,800;67,300;68,200;68,000;69,300;69,000;67,300;68,500;70,100;70,200;71,800;73,500;73,700;72,500;71,300;71,400;72,000;71,900;71,000;71,800;72,800;69,400;71,600;72,400;72,000;67,100;68,000;68,700;71,700;74,200;70,700;71,400;72,000;72,700;74,600;73,200;71,600;70,300;67,300;68,800;71,400;73,100;72,300;72,000;75,600;76,600;75,600;76,000;74,500;73,000;72,100;73,200;75,000;76,600;76,000;76,000;75,900;77,200;76,300;75,100;73,200;73,300;70,900;71,500;70,700;69,400;70,600;71,100;73,100;73,700;73,600;73,500;70,600;67,800;69,700;69,000;71,800;74,200;74,300;73,200;73,200;76,800;77,200;76,700;77,600;75,300;74,100;75,200;76,200;78,200;77,100;75,800;78,800;83,100;83,700;83,700;75,200;73,700;72,100;75,600;75,500;75,800;74,800;76,000;77,800;80,100;81,900;79,100;77,900;74,700;73,600;74,000;74,700;75,000;75,300;75,000;78,900;82,400;80,100;79,200;77,400;74,200;73,400;75,400;76,900;78,000;77,400;77,000;77,200;80,100;81,600;78,400;74,800;73,200;72,600;73,700;74,400;76,700;76,700;78,100;80,700;81,400;80,900;81,000;79,300;78,400;77,600;78,400;80,000;80,500;80,400;79,000;85,100;87,500;90,500;92,800;91,300;88,200;88,000;87,700;91,900;94,000;94,900;94,100;96,700;99,500;99,800;99,900;97,800;95,800;93,400;95,600;98,100;99,200;96,300;97,600;101,200;101,600;103,100;105,400;99,800;97,400;98,400;98,900;101,100;99,600;100,500;100,000;105,300;109,800;112,800;114,100;108,800;104,600;102,200;102,100;103,400;108,600;107,400;107,500;110,800;111,700;116,000;112,800;107,800;101,500;99,700;100,800;101,300;104,000;106,500;108,100;109,000;110,100;-;-;-;-;-;-;-;

