Domain Code,Domain,Area Code (M49),Area,Element Code,Element,Item Code,Item,Year Code,Year,Unit,Value,Flag,Flag Description,Note
"FS","Suite of Food Security Indicators","204","Benin","6121","Value","21035","Cereal import dependency ratio (percent) (3-year average)","20002002","2000-2002","%","13","E","Estimated value",""
"FS","Suite of Food Security Indicators","204","Benin","6121","Value","21035","Cereal import dependency ratio (percent) (3-year average)","20012003","2001-2003","%","17.1","E","Estimated value",""
"FS","Suite of Food Security Indicators","204","Benin","6121","Value","21035","Cereal import dependency ratio (percent) (3-year average)","20022004","2002-2004","%","18.9","E","Estimated value",""
"FS","Suite of Food Security Indicators","204","Benin","6121","Value","21035","Cereal import dependency ratio (percent) (3-year average)","20032005","2003-2005","%","21.7","E","Estimated value",""
"FS","Suite of Food Security Indicators","204","Benin","6121","Value","21035","Cereal import dependency ratio (percent) (3-year average)","20042006","2004-2006","%","31.9","E","Estimated value",""
"FS","Suite of Food Security Indicators","204","Benin","6121","Value","21035","Cereal import dependency ratio (percent) (3-year average)","20052007","2005-2007","%","41","E","Estimated value",""
"FS","Suite of Food Security Indicators","204","Benin","6121","Value","21035","Cereal import dependency ratio (percent) (3-year average)","20062008","2006-2008","%","46.2","E","Estimated value",""
"FS","Suite of Food Security Indicators","204","Benin","6121","Value","21035","Cereal import dependency ratio (percent) (3-year average)","20072009","2007-2009","%","39.7","E","Estimated value",""
"FS","Suite of Food Security Indicators","854","Burkina Faso","6121","Value","21035","Cereal import dependency ratio (percent) (3-year average)","20002002","2000-2002","%","9","E","Estimated value",""
"FS","Suite of Food Security Indicators","854","Burkina Faso","6121","Value","21035","Cereal import dependency ratio (percent) (3-year average)","20012003","2001-2003","%","7.9","E","Estimated value",""
"FS","Suite of Food Security Indicators","854","Burkina Faso","6121","Value","21035","Cereal import dependency ratio (percent) (3-year average)","20022004","2002-2004","%","6.9","E","Estimated value",""
"FS","Suite of Food Security Indicators","854","Burkina Faso","6121","Value","21035","Cereal import dependency ratio (percent) (3-year average)","20032005","2003-2005","%","6.9","E","Estimated value",""
"FS","Suite of Food Security Indicators","854","Burkina Faso","6121","Value","21035","Cereal import dependency ratio (percent) (3-year average)","20042006","2004-2006","%","7.4","E","Estimated value",""
"FS","Suite of Food Security Indicators","854","Burkina Faso","6121","Value","21035","Cereal import dependency ratio (percent) (3-year average)","20052007","2005-2007","%","8.1","E","Estimated value",""
"FS","Suite of Food Security Indicators","854","Burkina Faso","6121","Value","21035","Cereal import dependency ratio (percent) (3-year average)","20062008","2006-2008","%","7.2","E","Estimated value",""
"FS","Suite of Food Security Indicators","854","Burkina Faso","6121","Value","21035","Cereal import dependency ratio (percent) (3-year average)","20072009","2007-2009","%","7.7","E","Estimated value",""
"FS","Suite of Food Security Indicators","854","Burkina Faso","6121","Value","21035","Cereal import dependency ratio (percent) (3-year average)","20082010","2008-2010","%","8.6","E","Estimated value",""
"FS","Suite of Food Security Indicators","854","Burkina Faso","6121","Value","21035","Cereal import dependency ratio (percent) (3-year average)","20092011","2009-2011","%","11.7","E","Estimated value",""
"FS","Suite of Food Security Indicators","854","Burkina Faso","6121","Value","21035","Cereal import dependency ratio (percent) (3-year average)","20102012","2010-2012","%","12.9","E","Estimated value",""
"FS","Suite of Food Security Indicators","854","Burkina Faso","6121","Value","21035","Cereal import dependency ratio (percent) (3-year average)","20112013","2011-2013","%","14.3","E","Estimated value",""
"FS","Suite of Food Security Indicators","854","Burkina Faso","6121","Value","21035","Cereal import dependency ratio (percent) (3-year average)","20122014","2012-2014","%","13.8","E","Estimated value",""
"FS","Suite of Food Security Indicators","854","Burkina Faso","6121","Value","21035","Cereal import dependency ratio (percent) (3-year average)","20132015","2013-2015","%","14.9","E","Estimated value",""
"FS","Suite of Food Security Indicators","854","Burkina Faso","6121","Value","21035","Cereal import dependency ratio (percent) (3-year average)","20142016","2014-2016","%","16.1","E","Estimated value",""
"FS","Suite of Food Security Indicators","854","Burkina Faso","6121","Value","21035","Cereal import dependency ratio (percent) (3-year average)","20152017","2015-2017","%","18.4","E","Estimated value",""
"FS","Suite of Food Security Indicators","854","Burkina Faso","6121","Value","21035","Cereal import dependency ratio (percent) (3-year average)","20162018","2016-2018","%","18.9","E","Estimated value",""
"FS","Suite of Food Security Indicators","854","Burkina Faso","6121","Value","21035","Cereal import dependency ratio (percent) (3-year average)","20172019","2017-2019","%","18.6","E","Estimated value",""
"FS","Suite of Food Security Indicators","854","Burkina Faso","6121","Value","21035","Cereal import dependency ratio (percent) (3-year average)","20182020","2018-2020","%","16.1","E","Estimated value",""
"FS","Suite of Food Security Indicators","854","Burkina Faso","6121","Value","21035","Cereal import dependency ratio (percent) (3-year average)","20192021","2019-2021","%","15.5","E","Estimated value",""
"FS","Suite of Food Security Indicators","854","Burkina Faso","6121","Value","21035","Cereal import dependency ratio (percent) (3-year average)","20202022","2020-2022","%","17.1","E","Estimated value",""
"FS","Suite of Food Security Indicators","854","Burkina Faso","6121","Value","21035","Cereal import dependency ratio (percent) (3-year average)","20212023","2021-2023","%","20.5","E","Estimated value",""
"FS","Suite of Food Security Indicators","384","Côte d'Ivoire","6121","Value","21035","Cereal import dependency ratio (percent) (3-year average)","20002002","2000-2002","%","48.5","E","Estimated value",""
"FS","Suite of Food Security Indicators","384","Côte d'Ivoire","6121","Value","21035","Cereal import dependency ratio (percent) (3-year average)","20012003","2001-2003","%","52.1","E","Estimated value",""
"FS","Suite of Food Security Indicators","384","Côte d'Ivoire","6121","Value","21035","Cereal import dependency ratio (percent) (3-year average)","20022004","2002-2004","%","51.1","E","Estimated value",""
"FS","Suite of Food Security Indicators","384","Côte d'Ivoire","6121","Value","21035","Cereal import dependency ratio (percent) (3-year average)","20032005","2003-2005","%","50.4","E","Estimated value",""
"FS","Suite of Food Security Indicators","384","Côte d'Ivoire","6121","Value","21035","Cereal import dependency ratio (percent) (3-year average)","20042006","2004-2006","%","51.7","E","Estimated value",""
"FS","Suite of Food Security Indicators","384","Côte d'Ivoire","6121","Value","21035","Cereal import dependency ratio (percent) (3-year average)","20052007","2005-2007","%","53","E","Estimated value",""
"FS","Suite of Food Security Indicators","384","Côte d'Ivoire","6121","Value","21035","Cereal import dependency ratio (percent) (3-year average)","20062008","2006-2008","%","50.9","E","Estimated value",""
"FS","Suite of Food Security Indicators","384","Côte d'Ivoire","6121","Value","21035","Cereal import dependency ratio (percent) (3-year average)","20072009","2007-2009","%","53.7","E","Estimated value",""
"FS","Suite of Food Security Indicators","384","Côte d'Ivoire","6121","Value","21035","Cereal import dependency ratio (percent) (3-year average)","20082010","2008-2010","%","57.3","E","Estimated value",""
"FS","Suite of Food Security Indicators","384","Côte d'Ivoire","6121","Value","21035","Cereal import dependency ratio (percent) (3-year average)","20092011","2009-2011","%","71.2","E","Estimated value",""
"FS","Suite of Food Security Indicators","384","Côte d'Ivoire","6121","Value","21035","Cereal import dependency ratio (percent) (3-year average)","20102012","2010-2012","%","68","E","Estimated value",""
"FS","Suite of Food Security Indicators","384","Côte d'Ivoire","6121","Value","21035","Cereal import dependency ratio (percent) (3-year average)","20112013","2011-2013","%","61.3","E","Estimated value",""
"FS","Suite of Food Security Indicators","384","Côte d'Ivoire","6121","Value","21035","Cereal import dependency ratio (percent) (3-year average)","20122014","2012-2014","%","46.2","E","Estimated value",""
"FS","Suite of Food Security Indicators","384","Côte d'Ivoire","6121","Value","21035","Cereal import dependency ratio (percent) (3-year average)","20132015","2013-2015","%","41.1","E","Estimated value",""
"FS","Suite of Food Security Indicators","384","Côte d'Ivoire","6121","Value","21035","Cereal import dependency ratio (percent) (3-year average)","20142016","2014-2016","%","41.3","E","Estimated value",""
"FS","Suite of Food Security Indicators","384","Côte d'Ivoire","6121","Value","21035","Cereal import dependency ratio (percent) (3-year average)","20152017","2015-2017","%","42.3","E","Estimated value",""
"FS","Suite of Food Security Indicators","384","Côte d'Ivoire","6121","Value","21035","Cereal import dependency ratio (percent) (3-year average)","20162018","2016-2018","%","44.2","E","Estimated value",""
"FS","Suite of Food Security Indicators","384","Côte d'Ivoire","6121","Value","21035","Cereal import dependency ratio (percent) (3-year average)","20172019","2017-2019","%","45.5","E","Estimated value",""
"FS","Suite of Food Security Indicators","384","Côte d'Ivoire","6121","Value","21035","Cereal import dependency ratio (percent) (3-year average)","20182020","2018-2020","%","48.1","E","Estimated value",""
"FS","Suite of Food Security Indicators","384","Côte d'Ivoire","6121","Value","21035","Cereal import dependency ratio (percent) (3-year average)","20192021","2019-2021","%","52.7","E","Estimated value",""
"FS","Suite of Food Security Indicators","384","Côte d'Ivoire","6121","Value","21035","Cereal import dependency ratio (percent) (3-year average)","20202022","2020-2022","%","54.8","E","Estimated value",""
"FS","Suite of Food Security Indicators","384","Côte d'Ivoire","6121","Value","21035","Cereal import dependency ratio (percent) (3-year average)","20212023","2021-2023","%","52.1","E","Estimated value",""
"FS","Suite of Food Security Indicators","624","Guinea-Bissau","6121","Value","21035","Cereal import dependency ratio (percent) (3-year average)","20002002","2000-2002","%","41.7","E","Estimated value",""
"FS","Suite of Food Security Indicators","624","Guinea-Bissau","6121","Value","21035","Cereal import dependency ratio (percent) (3-year average)","20012003","2001-2003","%","43.7","E","Estimated value",""
"FS","Suite of Food Security Indicators","624","Guinea-Bissau","6121","Value","21035","Cereal import dependency ratio (percent) (3-year average)","20022004","2002-2004","%","48","E","Estimated value",""
"FS","Suite of Food Security Indicators","624","Guinea-Bissau","6121","Value","21035","Cereal import dependency ratio (percent) (3-year average)","20032005","2003-2005","%","47.8","E","Estimated value",""
"FS","Suite of Food Security Indicators","624","Guinea-Bissau","6121","Value","21035","Cereal import dependency ratio (percent) (3-year average)","20042006","2004-2006","%","39.6","E","Estimated value",""
"FS","Suite of Food Security Indicators","624","Guinea-Bissau","6121","Value","21035","Cereal import dependency ratio (percent) (3-year average)","20052007","2005-2007","%","30.2","E","Estimated value",""
"FS","Suite of Food Security Indicators","624","Guinea-Bissau","6121","Value","21035","Cereal import dependency ratio (percent) (3-year average)","20062008","2006-2008","%","20.4","E","Estimated value",""
"FS","Suite of Food Security Indicators","624","Guinea-Bissau","6121","Value","21035","Cereal import dependency ratio (percent) (3-year average)","20072009","2007-2009","%","25","E","Estimated value",""
"FS","Suite of Food Security Indicators","624","Guinea-Bissau","6121","Value","21035","Cereal import dependency ratio (percent) (3-year average)","20082010","2008-2010","%","25.4","E","Estimated value",""
"FS","Suite of Food Security Indicators","624","Guinea-Bissau","6121","Value","21035","Cereal import dependency ratio (percent) (3-year average)","20092011","2009-2011","%","30.5","E","Estimated value",""
"FS","Suite of Food Security Indicators","624","Guinea-Bissau","6121","Value","21035","Cereal import dependency ratio (percent) (3-year average)","20102012","2010-2012","%","26.7","E","Estimated value",""
"FS","Suite of Food Security Indicators","624","Guinea-Bissau","6121","Value","21035","Cereal import dependency ratio (percent) (3-year average)","20112013","2011-2013","%","28","E","Estimated value",""
"FS","Suite of Food Security Indicators","624","Guinea-Bissau","6121","Value","21035","Cereal import dependency ratio (percent) (3-year average)","20122014","2012-2014","%","37","E","Estimated value",""
"FS","Suite of Food Security Indicators","624","Guinea-Bissau","6121","Value","21035","Cereal import dependency ratio (percent) (3-year average)","20212023","2021-2023","%","50.7","E","Estimated value",""
"FS","Suite of Food Security Indicators","466","Mali","6121","Value","21035","Cereal import dependency ratio (percent) (3-year average)","20002002","2000-2002","%","8.6","E","Estimated value",""
"FS","Suite of Food Security Indicators","466","Mali","6121","Value","21035","Cereal import dependency ratio (percent) (3-year average)","20012003","2001-2003","%","10.4","E","Estimated value",""
"FS","Suite of Food Security Indicators","466","Mali","6121","Value","21035","Cereal import dependency ratio (percent) (3-year average)","20022004","2002-2004","%","9","E","Estimated value",""
"FS","Suite of Food Security Indicators","466","Mali","6121","Value","21035","Cereal import dependency ratio (percent) (3-year average)","20032005","2003-2005","%","9.1","E","Estimated value",""
"FS","Suite of Food Security Indicators","466","Mali","6121","Value","21035","Cereal import dependency ratio (percent) (3-year average)","20042006","2004-2006","%","9.6","E","Estimated value",""
"FS","Suite of Food Security Indicators","466","Mali","6121","Value","21035","Cereal import dependency ratio (percent) (3-year average)","20052007","2005-2007","%","10.4","E","Estimated value",""
"FS","Suite of Food Security Indicators","466","Mali","6121","Value","21035","Cereal import dependency ratio (percent) (3-year average)","20062008","2006-2008","%","8.4","E","Estimated value",""
"FS","Suite of Food Security Indicators","466","Mali","6121","Value","21035","Cereal import dependency ratio (percent) (3-year average)","20072009","2007-2009","%","6.5","E","Estimated value",""
"FS","Suite of Food Security Indicators","562","Niger","6121","Value","21035","Cereal import dependency ratio (percent) (3-year average)","20002002","2000-2002","%","9.4","E","Estimated value",""
"FS","Suite of Food Security Indicators","562","Niger","6121","Value","21035","Cereal import dependency ratio (percent) (3-year average)","20012003","2001-2003","%","9.1","E","Estimated value",""
"FS","Suite of Food Security Indicators","562","Niger","6121","Value","21035","Cereal import dependency ratio (percent) (3-year average)","20022004","2002-2004","%","9.2","E","Estimated value",""
"FS","Suite of Food Security Indicators","562","Niger","6121","Value","21035","Cereal import dependency ratio (percent) (3-year average)","20032005","2003-2005","%","9.8","E","Estimated value",""
"FS","Suite of Food Security Indicators","562","Niger","6121","Value","21035","Cereal import dependency ratio (percent) (3-year average)","20042006","2004-2006","%","9.9","E","Estimated value",""
"FS","Suite of Food Security Indicators","562","Niger","6121","Value","21035","Cereal import dependency ratio (percent) (3-year average)","20052007","2005-2007","%","9","E","Estimated value",""
"FS","Suite of Food Security Indicators","562","Niger","6121","Value","21035","Cereal import dependency ratio (percent) (3-year average)","20062008","2006-2008","%","7.7","E","Estimated value",""
"FS","Suite of Food Security Indicators","562","Niger","6121","Value","21035","Cereal import dependency ratio (percent) (3-year average)","20072009","2007-2009","%","7.3","E","Estimated value",""
"FS","Suite of Food Security Indicators","562","Niger","6121","Value","21035","Cereal import dependency ratio (percent) (3-year average)","20082010","2008-2010","%","8","E","Estimated value",""
"FS","Suite of Food Security Indicators","562","Niger","6121","Value","21035","Cereal import dependency ratio (percent) (3-year average)","20092011","2009-2011","%","9.4","E","Estimated value",""
"FS","Suite of Food Security Indicators","562","Niger","6121","Value","21035","Cereal import dependency ratio (percent) (3-year average)","20102012","2010-2012","%","11.5","E","Estimated value",""
"FS","Suite of Food Security Indicators","562","Niger","6121","Value","21035","Cereal import dependency ratio (percent) (3-year average)","20112013","2011-2013","%","13.5","E","Estimated value",""
"FS","Suite of Food Security Indicators","562","Niger","6121","Value","21035","Cereal import dependency ratio (percent) (3-year average)","20122014","2012-2014","%","14.6","E","Estimated value",""
"FS","Suite of Food Security Indicators","562","Niger","6121","Value","21035","Cereal import dependency ratio (percent) (3-year average)","20132015","2013-2015","%","14.8","E","Estimated value",""
"FS","Suite of Food Security Indicators","562","Niger","6121","Value","21035","Cereal import dependency ratio (percent) (3-year average)","20142016","2014-2016","%","11.9","E","Estimated value",""
"FS","Suite of Food Security Indicators","562","Niger","6121","Value","21035","Cereal import dependency ratio (percent) (3-year average)","20152017","2015-2017","%","8.4","E","Estimated value",""
"FS","Suite of Food Security Indicators","562","Niger","6121","Value","21035","Cereal import dependency ratio (percent) (3-year average)","20162018","2016-2018","%","7","E","Estimated value",""
"FS","Suite of Food Security Indicators","562","Niger","6121","Value","21035","Cereal import dependency ratio (percent) (3-year average)","20172019","2017-2019","%","11.1","E","Estimated value",""
"FS","Suite of Food Security Indicators","562","Niger","6121","Value","21035","Cereal import dependency ratio (percent) (3-year average)","20182020","2018-2020","%","15.7","E","Estimated value",""
"FS","Suite of Food Security Indicators","562","Niger","6121","Value","21035","Cereal import dependency ratio (percent) (3-year average)","20192021","2019-2021","%","22.5","E","Estimated value",""
"FS","Suite of Food Security Indicators","562","Niger","6121","Value","21035","Cereal import dependency ratio (percent) (3-year average)","20202022","2020-2022","%","23.9","E","Estimated value",""
"FS","Suite of Food Security Indicators","562","Niger","6121","Value","21035","Cereal import dependency ratio (percent) (3-year average)","20212023","2021-2023","%","24.3","E","Estimated value",""
"FS","Suite of Food Security Indicators","686","Senegal","6121","Value","21035","Cereal import dependency ratio (percent) (3-year average)","20002002","2000-2002","%","53.1","E","Estimated value",""
"FS","Suite of Food Security Indicators","686","Senegal","6121","Value","21035","Cereal import dependency ratio (percent) (3-year average)","20012003","2001-2003","%","58","E","Estimated value",""
"FS","Suite of Food Security Indicators","686","Senegal","6121","Value","21035","Cereal import dependency ratio (percent) (3-year average)","20022004","2002-2004","%","58","E","Estimated value",""
"FS","Suite of Food Security Indicators","686","Senegal","6121","Value","21035","Cereal import dependency ratio (percent) (3-year average)","20032005","2003-2005","%","58.1","E","Estimated value",""
"FS","Suite of Food Security Indicators","686","Senegal","6121","Value","21035","Cereal import dependency ratio (percent) (3-year average)","20042006","2004-2006","%","54.7","E","Estimated value",""
"FS","Suite of Food Security Indicators","686","Senegal","6121","Value","21035","Cereal import dependency ratio (percent) (3-year average)","20052007","2005-2007","%","58.8","E","Estimated value",""
"FS","Suite of Food Security Indicators","686","Senegal","6121","Value","21035","Cereal import dependency ratio (percent) (3-year average)","20062008","2006-2008","%","58.5","E","Estimated value",""
"FS","Suite of Food Security Indicators","686","Senegal","6121","Value","21035","Cereal import dependency ratio (percent) (3-year average)","20072009","2007-2009","%","57.5","E","Estimated value",""
"FS","Suite of Food Security Indicators","686","Senegal","6121","Value","21035","Cereal import dependency ratio (percent) (3-year average)","20082010","2008-2010","%","50.3","E","Estimated value",""
"FS","Suite of Food Security Indicators","686","Senegal","6121","Value","21035","Cereal import dependency ratio (percent) (3-year average)","20092011","2009-2011","%","52.4","E","Estimated value",""
"FS","Suite of Food Security Indicators","686","Senegal","6121","Value","21035","Cereal import dependency ratio (percent) (3-year average)","20102012","2010-2012","%","55.2","E","Estimated value",""
"FS","Suite of Food Security Indicators","686","Senegal","6121","Value","21035","Cereal import dependency ratio (percent) (3-year average)","20112013","2011-2013","%","60.5","E","Estimated value",""
"FS","Suite of Food Security Indicators","686","Senegal","6121","Value","21035","Cereal import dependency ratio (percent) (3-year average)","20122014","2012-2014","%","60.1","E","Estimated value",""
"FS","Suite of Food Security Indicators","686","Senegal","6121","Value","21035","Cereal import dependency ratio (percent) (3-year average)","20132015","2013-2015","%","57.1","E","Estimated value",""
"FS","Suite of Food Security Indicators","686","Senegal","6121","Value","21035","Cereal import dependency ratio (percent) (3-year average)","20142016","2014-2016","%","54.9","E","Estimated value",""
"FS","Suite of Food Security Indicators","686","Senegal","6121","Value","21035","Cereal import dependency ratio (percent) (3-year average)","20152017","2015-2017","%","48.8","E","Estimated value",""
"FS","Suite of Food Security Indicators","686","Senegal","6121","Value","21035","Cereal import dependency ratio (percent) (3-year average)","20162018","2016-2018","%","47.8","E","Estimated value",""
"FS","Suite of Food Security Indicators","686","Senegal","6121","Value","21035","Cereal import dependency ratio (percent) (3-year average)","20172019","2017-2019","%","46.2","E","Estimated value",""
"FS","Suite of Food Security Indicators","686","Senegal","6121","Value","21035","Cereal import dependency ratio (percent) (3-year average)","20182020","2018-2020","%","45.4","E","Estimated value",""
"FS","Suite of Food Security Indicators","686","Senegal","6121","Value","21035","Cereal import dependency ratio (percent) (3-year average)","20192021","2019-2021","%","45.7","E","Estimated value",""
"FS","Suite of Food Security Indicators","686","Senegal","6121","Value","21035","Cereal import dependency ratio (percent) (3-year average)","20202022","2020-2022","%","45.4","E","Estimated value",""
"FS","Suite of Food Security Indicators","686","Senegal","6121","Value","21035","Cereal import dependency ratio (percent) (3-year average)","20212023","2021-2023","%","45.6","E","Estimated value",""
"FS","Suite of Food Security Indicators","768","Togo","6121","Value","21035","Cereal import dependency ratio (percent) (3-year average)","20002002","2000-2002","%","14.1","E","Estimated value",""
"FS","Suite of Food Security Indicators","768","Togo","6121","Value","21035","Cereal import dependency ratio (percent) (3-year average)","20012003","2001-2003","%","16.6","E","Estimated value",""
"FS","Suite of Food Security Indicators","768","Togo","6121","Value","21035","Cereal import dependency ratio (percent) (3-year average)","20022004","2002-2004","%","18.7","E","Estimated value",""
"FS","Suite of Food Security Indicators","768","Togo","6121","Value","21035","Cereal import dependency ratio (percent) (3-year average)","20032005","2003-2005","%","18.3","E","Estimated value",""
"FS","Suite of Food Security Indicators","768","Togo","6121","Value","21035","Cereal import dependency ratio (percent) (3-year average)","20042006","2004-2006","%","18.3","E","Estimated value",""
"FS","Suite of Food Security Indicators","768","Togo","6121","Value","21035","Cereal import dependency ratio (percent) (3-year average)","20052007","2005-2007","%","16.2","E","Estimated value",""
"FS","Suite of Food Security Indicators","768","Togo","6121","Value","21035","Cereal import dependency ratio (percent) (3-year average)","20062008","2006-2008","%","14.2","E","Estimated value",""
"FS","Suite of Food Security Indicators","768","Togo","6121","Value","21035","Cereal import dependency ratio (percent) (3-year average)","20072009","2007-2009","%","13.6","E","Estimated value",""
